,event_starttime,event_peaktime,event_endtime,fl_goescls,ar_noaanum,Origin,Proximity Flag
0,2016-01-01 04:38:00.000,2016-01-01 04:41:00.000,2016-01-01 04:51:00.000,B6.2,2473,SSW,False
1,2016-01-01 06:33:00.000,2016-01-01 06:38:00.000,2016-01-01 06:43:00.000,C2.3,2473,SSW,False
2,2016-01-01 09:36:00.000,2016-01-01 09:48:00.000,2016-01-01 09:56:00.000,C2.4,2473,SSW,False
3,2016-01-01 17:30:00.000,2016-01-01 17:36:00.000,2016-01-01 17:43:00.000,B8.4,2473,SSW,False
4,2016-01-01 20:18:00.000,2016-01-01 20:21:00.000,2016-01-01 20:23:00.000,B5.5,2473,SSW,False
5,2016-01-01 22:25:00.000,2016-01-01 22:30:00.000,2016-01-01 22:33:00.000,C2.7,2473,SSW,False
6,2016-01-01 23:10:00.000,2016-01-02 00:11:00.000,2016-01-02 01:01:00.000,M2.3,12473,GOES,False
7,2016-01-01 23:10:00.000,2016-01-02 00:10:00.000,2016-01-02 01:20:00.000,M2.4,2473,SSW,True
8,2016-01-03 20:20:00.000,2016-01-03 20:24:00.000,2016-01-03 20:27:00.000,B4.7,2476,SSW,False
9,2016-01-04 06:17:00.000,2016-01-04 06:21:00.000,2016-01-04 06:24:00.000,B4.1,0,SSW,False
10,2016-01-05 16:32:00.000,2016-01-05 16:48:00.000,2016-01-05 16:59:00.000,B3.8,0,GOES,False
11,2016-01-05 23:33:00.000,2016-01-05 23:37:00.000,2016-01-05 23:38:00.000,B6.3,12476,GOES,False
12,2016-01-06 00:14:00.000,2016-01-06 00:25:00.000,2016-01-06 00:37:00.000,B4.4,2476,SSW,False
13,2016-01-06 03:27:00.000,2016-01-06 03:48:00.000,2016-01-06 04:03:00.000,B6.6,12480,GOES,False
14,2016-01-06 06:13:00.000,2016-01-06 06:16:00.000,2016-01-06 06:20:00.000,B5.6,2478,SSW,False
15,2016-01-06 09:20:00.000,2016-01-06 09:25:00.000,2016-01-06 09:28:00.000,B8.2,0,SSW,False
16,2016-01-06 11:31:00.000,2016-01-06 11:37:00.000,2016-01-06 11:39:00.000,C1.8,0,SSW,False
17,2016-01-06 12:35:00.000,2016-01-06 13:41:00.000,2016-01-06 14:16:00.000,B6.6,0,SSW,False
18,2016-01-06 14:44:00.000,2016-01-06 14:45:00.000,2016-01-06 14:46:00.000,B9.3,12480,GOES,True
19,2016-01-06 19:25:00.000,2016-01-06 19:30:00.000,2016-01-06 19:34:00.000,B6.8,2480,SSW,False
20,2016-01-06 21:46:00.000,2016-01-06 22:00:00.000,2016-01-06 22:14:00.000,B7.0,2480,SSW,False
21,2016-01-06 23:00:00.000,2016-01-06 23:09:00.000,2016-01-06 23:23:00.000,B5.8,2480,SSW,False
22,2016-01-07 01:45:00.000,2016-01-07 01:48:00.000,2016-01-07 01:51:00.000,B6.0,2480,SSW,False
23,2016-01-07 02:39:00.000,2016-01-07 02:42:00.000,2016-01-07 02:44:00.000,B7.0,2480,SSW,False
24,2016-01-07 03:48:00.000,2016-01-07 03:52:00.000,2016-01-07 03:59:00.000,B8.1,2480,SSW,False
25,2016-01-07 06:11:00.000,2016-01-07 06:17:00.000,2016-01-07 06:23:00.000,C1.0,2480,SSW,False
26,2016-01-07 12:36:00.000,2016-01-07 12:39:00.000,2016-01-07 12:41:00.000,B4.3,2480,SSW,False
27,2016-01-08 00:04:00.000,2016-01-08 00:21:00.000,2016-01-08 00:28:00.000,B4.2,2481,SSW,False
28,2016-01-08 04:09:00.000,2016-01-08 04:14:00.000,2016-01-08 04:18:00.000,B4.5,2481,SSW,False
29,2016-01-08 11:23:00.000,2016-01-08 11:31:00.000,2016-01-08 11:41:00.000,B8.6,2482,SSW,False
30,2016-01-10 17:09:00.000,2016-01-10 17:13:00.000,2016-01-10 17:17:00.000,B4.2,2483,SSW,False
31,2016-01-11 11:18:00.000,2016-01-11 11:21:00.000,2016-01-11 11:24:00.000,B4.0,0,SSW,False
32,2016-01-11 17:00:00.000,2016-01-11 17:14:00.000,2016-01-11 17:33:00.000,B4.4,2480,SSW,False
33,2016-01-11 20:41:00.000,2016-01-11 21:14:00.000,2016-01-11 21:36:00.000,B4.9,2480,SSW,False
34,2016-01-12 09:03:00.000,2016-01-12 09:07:00.000,2016-01-12 09:12:00.000,B6.8,2483,SSW,False
35,2016-01-12 13:39:00.000,2016-01-12 13:53:00.000,2016-01-12 14:09:00.000,B5.3,2480,SSW,False
36,2016-01-12 19:19:00.000,2016-01-12 19:31:00.000,2016-01-12 19:54:00.000,B3.3,12480,GOES,False
37,2016-01-12 21:51:00.000,2016-01-12 22:31:00.000,2016-01-12 22:44:00.000,B4.0,12480,GOES,False
38,2016-01-13 07:05:00.000,2016-01-13 07:25:00.000,2016-01-13 07:43:00.000,B3.9,12483,GOES,False
39,2016-01-13 11:13:00.000,2016-01-13 11:22:00.000,2016-01-13 11:27:00.000,B2.5,2480,SSW,False
40,2016-01-13 13:33:00.000,2016-01-13 13:51:00.000,2016-01-13 14:10:00.000,B2.4,2483,SSW,False
41,2016-01-13 14:57:00.000,2016-01-13 15:05:00.000,2016-01-13 15:13:00.000,B2.4,0,SSW,False
42,2016-01-13 16:59:00.000,2016-01-13 17:05:00.000,2016-01-13 17:08:00.000,B2.3,2482,SSW,False
43,2016-01-13 18:27:00.000,2016-01-13 18:34:00.000,2016-01-13 18:41:00.000,B4.4,0,SSW,False
44,2016-01-13 23:51:00.000,2016-01-14 00:01:00.000,2016-01-14 00:11:00.000,B2.5,2480,SSW,False
45,2016-01-14 10:04:00.000,2016-01-14 10:08:00.000,2016-01-14 10:17:00.000,B3.7,2480,SSW,False
46,2016-01-15 02:34:00.000,2016-01-15 02:39:00.000,2016-01-15 02:41:00.000,C2.8,2480,SSW,False
47,2016-01-15 11:35:00.000,2016-01-15 11:40:00.000,2016-01-15 11:44:00.000,B4.2,12480,GOES,False
48,2016-01-15 12:10:00.000,2016-01-15 12:16:00.000,2016-01-15 12:18:00.000,C1.0,2480,SSW,True
49,2016-01-15 13:25:00.000,2016-01-15 13:28:00.000,2016-01-15 13:31:00.000,B5.1,12480,GOES,False
50,2016-01-15 13:52:00.000,2016-01-15 13:55:00.000,2016-01-15 14:01:00.000,B3.2,12480,GOES,True
51,2016-01-15 15:18:00.000,2016-01-15 15:25:00.000,2016-01-15 15:31:00.000,C1.7,2480,SSW,False
52,2016-01-15 17:41:00.000,2016-01-15 17:45:00.000,2016-01-15 17:48:00.000,B4.4,2480,SSW,False
53,2016-01-15 19:56:00.000,2016-01-15 20:02:00.000,2016-01-15 20:05:00.000,B8.6,2480,SSW,False
54,2016-01-15 20:09:00.000,2016-01-15 20:16:00.000,2016-01-15 20:36:00.000,B8.8,2480,SSW,True
55,2016-01-15 21:59:00.000,2016-01-15 22:03:00.000,2016-01-15 22:05:00.000,C1.1,2480,SSW,False
56,2016-01-16 00:14:00.000,2016-01-16 00:17:00.000,2016-01-16 00:19:00.000,B5.6,2480,SSW,False
57,2016-01-16 01:28:00.000,2016-01-16 01:31:00.000,2016-01-16 01:33:00.000,B3.2,12480,GOES,False
58,2016-01-16 03:32:00.000,2016-01-16 03:36:00.000,2016-01-16 03:39:00.000,B8.7,2480,SSW,False
59,2016-01-16 06:40:00.000,2016-01-16 06:57:00.000,2016-01-16 07:05:00.000,B6.0,2485,SSW,False
60,2016-01-16 11:15:00.000,2016-01-16 11:18:00.000,2016-01-16 11:21:00.000,B4.5,2480,SSW,False
61,2016-01-16 13:20:00.000,2016-01-16 13:24:00.000,2016-01-16 13:27:00.000,B3.5,2480,SSW,False
62,2016-01-16 20:05:00.000,2016-01-16 20:09:00.000,2016-01-16 20:11:00.000,B4.2,2480,SSW,False
63,2016-01-17 10:36:00.000,2016-01-17 10:49:00.000,2016-01-17 11:12:00.000,B3.7,2485,SSW,False
64,2016-01-18 15:58:00.000,2016-01-18 16:25:00.000,2016-01-18 16:36:00.000,B3.9,2485,SSW,False
65,2016-01-19 03:28:00.000,2016-01-19 03:38:00.000,2016-01-19 03:42:00.000,B2.6,0,SSW,False
66,2016-01-19 08:49:00.000,2016-01-19 09:00:00.000,2016-01-19 09:06:00.000,B2.9,2485,SSW,False
67,2016-01-19 10:33:00.000,2016-01-19 10:36:00.000,2016-01-19 10:41:00.000,B4.1,0,SSW,False
68,2016-01-19 20:47:00.000,2016-01-19 21:12:00.000,2016-01-19 21:44:00.000,B5.5,2487,SSW,False
69,2016-01-20 00:58:00.000,2016-01-20 01:02:00.000,2016-01-20 01:04:00.000,B3.7,0,SSW,False
70,2016-01-20 04:40:00.000,2016-01-20 04:46:00.000,2016-01-20 04:52:00.000,B6.6,2484,SSW,False
71,2016-01-20 07:30:00.000,2016-01-20 07:34:00.000,2016-01-20 07:36:00.000,C1.3,2484,SSW,False
72,2016-01-20 08:09:00.000,2016-01-20 08:13:00.000,2016-01-20 08:18:00.000,B4.9,2484,SSW,False
73,2016-01-20 08:45:00.000,2016-01-20 08:49:00.000,2016-01-20 09:00:00.000,B5.2,2484,SSW,True
74,2016-01-20 09:11:00.000,2016-01-20 09:18:00.000,2016-01-20 09:21:00.000,B8.4,2484,SSW,True
75,2016-01-20 11:15:00.000,2016-01-20 11:19:00.000,2016-01-20 11:24:00.000,B9.6,2487,SSW,False
76,2016-01-20 14:25:00.000,2016-01-20 14:32:00.000,2016-01-20 14:34:00.000,C1.3,2487,SSW,False
77,2016-01-20 16:37:00.000,2016-01-20 16:40:00.000,2016-01-20 16:42:00.000,B4.1,2487,SSW,False
78,2016-01-20 17:04:00.000,2016-01-20 17:09:00.000,2016-01-20 17:13:00.000,B4.8,2487,SSW,True
79,2016-01-20 17:38:00.000,2016-01-20 17:41:00.000,2016-01-20 17:44:00.000,B3.8,2487,SSW,True
80,2016-01-21 01:17:00.000,2016-01-21 01:45:00.000,2016-01-21 01:53:00.000,C2.9,2487,SSW,False
81,2016-01-21 05:36:00.000,2016-01-21 05:44:00.000,2016-01-21 05:52:00.000,C1.3,12488,GOES,False
82,2016-01-21 05:36:00.000,2016-01-21 05:42:00.000,2016-01-21 05:52:00.000,C1.3,2488,SSW,True
83,2016-01-21 08:01:00.000,2016-01-21 08:13:00.000,2016-01-21 08:27:00.000,C1.1,2484,SSW,False
84,2016-01-21 13:22:00.000,2016-01-21 13:51:00.000,2016-01-21 14:19:00.000,C1.4,2487,SSW,False
85,2016-01-22 02:22:00.000,2016-01-22 02:43:00.000,2016-01-22 03:00:00.000,B3.9,0,SSW,False
86,2016-01-22 02:23:00.000,2016-01-22 02:43:00.000,2016-01-22 02:51:00.000,B3.8,2488,SSW,True
87,2016-01-22 23:47:00.000,2016-01-22 23:52:00.000,2016-01-22 23:55:00.000,B7.1,2488,SSW,False
88,2016-01-23 00:53:00.000,2016-01-23 00:57:00.000,2016-01-23 01:04:00.000,B4.3,2487,SSW,False
89,2016-01-24 00:01:00.000,2016-01-24 00:05:00.000,2016-01-24 00:09:00.000,B4.5,2487,SSW,False
90,2016-01-24 04:06:00.000,2016-01-24 04:54:00.000,2016-01-24 06:45:00.000,C1.4,2488,SSW,False
91,2016-01-24 04:07:00.000,2016-01-24 04:55:00.000,2016-01-24 05:38:00.000,C1.4,2488,SSW,True
92,2016-01-24 08:20:00.000,2016-01-24 08:24:00.000,2016-01-24 08:30:00.000,B5.9,0,SSW,False
93,2016-01-24 10:21:00.000,2016-01-24 10:55:00.000,2016-01-24 11:09:00.000,B5.7,2488,SSW,False
94,2016-01-24 11:42:00.000,2016-01-24 12:00:00.000,2016-01-24 12:16:00.000,B6.1,0,SSW,False
95,2016-01-24 12:48:00.000,2016-01-24 13:00:00.000,2016-01-24 13:18:00.000,B5.9,0,SSW,False
96,2016-01-24 14:03:00.000,2016-01-24 14:15:00.000,2016-01-24 14:27:00.000,B4.6,0,SSW,False
97,2016-01-24 22:12:00.000,2016-01-24 22:17:00.000,2016-01-24 22:22:00.000,B7.4,2488,SSW,False
98,2016-01-25 06:50:00.000,2016-01-25 06:54:00.000,2016-01-25 07:01:00.000,B8.0,0,SSW,False
99,2016-01-25 07:52:00.000,2016-01-25 07:54:00.000,2016-01-25 07:57:00.000,B4.9,0,SSW,False
100,2016-01-25 07:52:00.000,2016-01-25 07:55:00.000,2016-01-25 07:57:00.000,B4.9,12489,GOES,True
101,2016-01-25 08:14:00.000,2016-01-25 08:17:00.000,2016-01-25 08:20:00.000,B4.6,0,SSW,True
102,2016-01-25 09:00:00.000,2016-01-25 09:07:00.000,2016-01-25 09:11:00.000,C1.4,0,SSW,False
103,2016-01-25 10:27:00.000,2016-01-25 10:33:00.000,2016-01-25 10:35:00.000,C1.0,2489,SSW,False
104,2016-01-25 12:58:00.000,2016-01-25 13:11:00.000,2016-01-25 13:30:00.000,B8.0,2490,SSW,False
105,2016-01-25 13:55:00.000,2016-01-25 13:56:00.000,2016-01-25 13:57:00.000,B5.2,2488,SSW,True
106,2016-01-25 21:54:00.000,2016-01-25 21:58:00.000,2016-01-25 22:01:00.000,B4.7,2490,SSW,False
107,2016-01-26 01:57:00.000,2016-01-26 02:01:00.000,2016-01-26 02:04:00.000,B5.3,2489,SSW,False
108,2016-01-26 03:01:00.000,2016-01-26 03:05:00.000,2016-01-26 03:10:00.000,B7.3,2489,SSW,False
109,2016-01-26 04:53:00.000,2016-01-26 04:56:00.000,2016-01-26 04:59:00.000,B5.3,2489,SSW,False
110,2016-01-26 16:54:00.000,2016-01-26 17:51:00.000,2016-01-26 18:45:00.000,C1.3,0,SSW,False
111,2016-01-26 17:04:00.000,2016-01-26 17:15:00.000,2016-01-26 18:40:00.000,C1.3,2486,SSW,True
112,2016-01-26 23:52:00.000,2016-01-27 01:02:00.000,2016-01-27 01:35:00.000,B7.4,2489,SSW,False
113,2016-01-27 01:36:00.000,2016-01-27 01:48:00.000,2016-01-27 02:06:00.000,B5.8,2489,SSW,True
114,2016-01-27 05:26:00.000,2016-01-27 05:37:00.000,2016-01-27 05:52:00.000,B9.4,2489,SSW,False
115,2016-01-27 13:26:00.000,2016-01-27 13:30:00.000,2016-01-27 13:34:00.000,C1.0,2489,SSW,False
116,2016-01-27 19:22:00.000,2016-01-27 19:27:00.000,2016-01-27 19:33:00.000,B5.3,2490,SSW,False
117,2016-01-27 20:28:00.000,2016-01-27 20:31:00.000,2016-01-27 20:36:00.000,B5.2,2490,SSW,False
118,2016-01-28 03:18:00.000,2016-01-28 03:22:00.000,2016-01-28 03:25:00.000,B6.1,2488,SSW,False
119,2016-01-28 05:17:00.000,2016-01-28 05:23:00.000,2016-01-28 05:28:00.000,C5.3,2488,SSW,False
120,2016-01-28 06:52:00.000,2016-01-28 07:02:00.000,2016-01-28 07:12:00.000,C2.8,2488,SSW,False
121,2016-01-28 11:48:00.000,2016-01-28 12:02:00.000,2016-01-28 12:16:00.000,C9.6,12488,GOES,False
122,2016-01-28 11:48:00.000,2016-01-28 12:00:00.000,2016-01-28 12:16:00.000,C9.6,2488,SSW,True
123,2016-01-28 21:48:00.000,2016-01-28 21:57:00.000,2016-01-28 22:02:00.000,C3.3,2488,SSW,False
124,2016-01-29 03:14:00.000,2016-01-29 03:38:00.000,2016-01-29 04:04:00.000,B8.7,2490,SSW,False
125,2016-01-29 04:15:00.000,2016-01-29 04:29:00.000,2016-01-29 04:36:00.000,C2.0,12488,GOES,True
126,2016-01-29 04:15:00.000,2016-01-29 04:28:00.000,2016-01-29 04:36:00.000,C2.0,2488,SSW,True
127,2016-01-29 07:57:00.000,2016-01-29 08:18:00.000,2016-01-29 08:26:00.000,C3.5,2488,SSW,False
128,2016-01-29 08:03:00.000,2016-01-29 08:06:00.000,2016-01-29 08:10:00.000,C1.0,2488,SSW,True
129,2016-01-29 14:53:00.000,2016-01-29 15:00:00.000,2016-01-29 15:11:00.000,B8.8,2488,SSW,False
130,2016-01-29 16:33:00.000,2016-01-29 16:41:00.000,2016-01-29 16:49:00.000,C1.2,2488,SSW,False
131,2016-01-29 17:41:00.000,2016-01-29 17:44:00.000,2016-01-29 17:47:00.000,B4.1,2488,SSW,False
132,2016-01-29 20:48:00.000,2016-01-29 21:46:00.000,2016-01-29 22:57:00.000,C2.0,2487,SSW,False
133,2016-01-29 20:51:00.000,2016-01-29 21:43:00.000,2016-01-29 22:40:00.000,C2.0,2487,SSW,True
134,2016-01-30 21:20:00.000,2016-01-30 21:25:00.000,2016-01-30 21:28:00.000,B9.1,2488,SSW,False
135,2016-01-31 08:09:00.000,2016-01-31 08:13:00.000,2016-01-31 08:16:00.000,B5.3,2488,SSW,False
136,2016-01-31 09:56:00.000,2016-01-31 10:02:00.000,2016-01-31 10:07:00.000,B6.0,2488,SSW,False
137,2016-01-31 15:58:00.000,2016-01-31 16:01:00.000,2016-01-31 16:10:00.000,B4.3,2489,SSW,False
138,2016-01-31 19:01:00.000,2016-01-31 19:07:00.000,2016-01-31 19:11:00.000,B8.6,2490,SSW,False
139,2016-01-31 23:41:00.000,2016-01-31 23:47:00.000,2016-01-31 23:51:00.000,B5.6,0,GOES,False
140,2016-01-31 23:41:00.000,2016-01-31 23:44:00.000,2016-01-31 23:47:00.000,B5.6,2490,SSW,True
141,2016-02-01 01:09:00.000,2016-02-01 01:14:00.000,2016-02-01 01:17:00.000,C1.6,2490,SSW,False
142,2016-02-01 03:31:00.000,2016-02-01 03:36:00.000,2016-02-01 03:39:00.000,B9.4,2491,SSW,False
143,2016-02-01 15:15:00.000,2016-02-01 15:22:00.000,2016-02-01 15:29:00.000,B3.9,2489,SSW,False
144,2016-02-01 16:10:00.000,2016-02-01 16:13:00.000,2016-02-01 16:17:00.000,B3.6,2489,SSW,False
145,2016-02-02 04:52:00.000,2016-02-02 05:00:00.000,2016-02-02 05:14:00.000,B4.6,2492,SSW,False
146,2016-02-02 11:25:00.000,2016-02-02 11:30:00.000,2016-02-02 11:37:00.000,B3.6,2492,SSW,False
147,2016-02-02 14:22:00.000,2016-02-02 14:52:00.000,2016-02-02 15:53:00.000,C1.2,0,SSW,False
148,2016-02-02 18:34:00.000,2016-02-02 19:02:00.000,2016-02-02 19:36:00.000,B6.5,2491,SSW,False
149,2016-02-03 02:09:00.000,2016-02-03 02:35:00.000,2016-02-03 02:45:00.000,B7.8,2490,SSW,False
150,2016-02-03 04:39:00.000,2016-02-03 04:59:00.000,2016-02-03 05:24:00.000,B6.8,2490,SSW,False
151,2016-02-03 12:03:00.000,2016-02-03 12:23:00.000,2016-02-03 12:42:00.000,C1.0,12492,GOES,False
152,2016-02-03 14:47:00.000,2016-02-03 14:53:00.000,2016-02-03 14:53:00.000,C1.0,2491,SSW,False
153,2016-02-03 15:12:00.000,2016-02-03 15:24:00.000,2016-02-03 15:31:00.000,C1.8,0,GOES,True
154,2016-02-03 15:12:00.000,2016-02-03 15:23:00.000,2016-02-03 15:31:00.000,C1.8,0,SSW,True
155,2016-02-03 16:29:00.000,2016-02-03 16:34:00.000,2016-02-03 16:39:00.000,C1.4,2493,SSW,False
156,2016-02-03 18:25:00.000,2016-02-03 18:33:00.000,2016-02-03 18:40:00.000,B7.5,2493,SSW,False
157,2016-02-03 22:05:00.000,2016-02-03 22:10:00.000,2016-02-03 22:17:00.000,C1.1,2493,SSW,False
158,2016-02-04 02:11:00.000,2016-02-04 02:14:00.000,2016-02-04 02:17:00.000,C1.0,0,SSW,False
159,2016-02-04 02:11:00.000,2016-02-04 02:15:00.000,2016-02-04 02:17:00.000,C1.0,12494,GOES,True
160,2016-02-04 07:09:00.000,2016-02-04 07:13:00.000,2016-02-04 07:16:00.000,C1.1,2490,SSW,False
161,2016-02-04 09:16:00.000,2016-02-04 09:20:00.000,2016-02-04 09:25:00.000,B8.9,0,SSW,False
162,2016-02-04 12:16:00.000,2016-02-04 12:21:00.000,2016-02-04 12:25:00.000,C2.4,0,SSW,False
163,2016-02-04 14:34:00.000,2016-02-04 14:42:00.000,2016-02-04 14:48:00.000,C2.1,0,SSW,False
164,2016-02-04 16:44:00.000,2016-02-04 16:49:00.000,2016-02-04 16:53:00.000,C3.6,0,SSW,False
165,2016-02-04 18:15:00.000,2016-02-04 18:22:00.000,2016-02-04 18:28:00.000,C5.1,2494,SSW,False
166,2016-02-04 19:46:00.000,2016-02-04 19:55:00.000,2016-02-04 19:59:00.000,C1.1,2490,SSW,False
167,2016-02-04 22:39:00.000,2016-02-04 22:44:00.000,2016-02-04 22:48:00.000,B8.6,2494,SSW,False
168,2016-02-05 00:29:00.000,2016-02-05 00:33:00.000,2016-02-05 00:40:00.000,C1.4,0,SSW,False
169,2016-02-05 00:49:00.000,2016-02-05 00:56:00.000,2016-02-05 01:03:00.000,C3.0,2494,SSW,True
170,2016-02-05 03:22:00.000,2016-02-05 03:26:00.000,2016-02-05 03:32:00.000,B8.4,2496,SSW,False
171,2016-02-05 07:15:00.000,2016-02-05 07:22:00.000,2016-02-05 07:30:00.000,C2.9,2494,SSW,False
172,2016-02-05 08:45:00.000,2016-02-05 08:50:00.000,2016-02-05 08:59:00.000,B9.3,2494,SSW,False
173,2016-02-05 13:05:00.000,2016-02-05 13:11:00.000,2016-02-05 13:17:00.000,C1.1,2496,SSW,False
174,2016-02-05 18:02:00.000,2016-02-05 18:07:00.000,2016-02-05 18:13:00.000,B7.7,2496,SSW,False
175,2016-02-05 19:00:00.000,2016-02-05 21:20:00.000,2016-02-05 23:49:00.000,C1.0,0,GOES,False
176,2016-02-05 19:00:00.000,2016-02-05 21:20:00.000,2016-02-06 00:15:00.000,C1.1,2494,SSW,True
177,2016-02-06 02:40:00.000,2016-02-06 03:11:00.000,2016-02-06 03:30:00.000,C1.1,2494,SSW,False
178,2016-02-06 02:48:00.000,2016-02-06 03:11:00.000,2016-02-06 03:35:00.000,C1.2,2494,SSW,True
179,2016-02-06 03:56:00.000,2016-02-06 04:21:00.000,2016-02-06 04:39:00.000,B8.5,12494,GOES,True
180,2016-02-06 03:56:00.000,2016-02-06 04:21:00.000,2016-02-06 04:38:00.000,B8.6,2494,SSW,True
181,2016-02-06 15:48:00.000,2016-02-06 15:51:00.000,2016-02-06 15:53:00.000,B6.6,2494,SSW,False
182,2016-02-06 19:33:00.000,2016-02-06 19:38:00.000,2016-02-06 19:42:00.000,C1.0,2494,SSW,False
183,2016-02-06 21:48:00.000,2016-02-06 21:51:00.000,2016-02-06 21:53:00.000,B7.8,2494,SSW,False
184,2016-02-06 22:37:00.000,2016-02-06 22:44:00.000,2016-02-06 22:48:00.000,C1.5,2494,SSW,False
185,2016-02-07 01:52:00.000,2016-02-07 01:58:00.000,2016-02-07 02:03:00.000,B8.2,2494,SSW,False
186,2016-02-07 04:39:00.000,2016-02-07 04:45:00.000,2016-02-07 04:49:00.000,C1.7,2496,SSW,False
187,2016-02-07 06:55:00.000,2016-02-07 06:58:00.000,2016-02-07 07:01:00.000,B7.0,2495,SSW,False
188,2016-02-07 10:29:00.000,2016-02-07 10:35:00.000,2016-02-07 10:41:00.000,C1.1,2496,SSW,False
189,2016-02-07 11:54:00.000,2016-02-07 12:02:00.000,2016-02-07 12:12:00.000,C2.7,12496,GOES,False
190,2016-02-07 11:54:00.000,2016-02-07 12:00:00.000,2016-02-07 12:12:00.000,C2.7,2496,SSW,True
191,2016-02-08 03:44:00.000,2016-02-08 03:47:00.000,2016-02-08 03:50:00.000,B6.4,0,SSW,False
192,2016-02-08 05:22:00.000,2016-02-08 05:29:00.000,2016-02-08 05:43:00.000,C1.6,2492,SSW,False
193,2016-02-08 08:49:00.000,2016-02-08 08:52:00.000,2016-02-08 08:54:00.000,B5.7,2497,SSW,False
194,2016-02-08 16:13:00.000,2016-02-08 16:18:00.000,2016-02-08 16:31:00.000,B7.8,2492,SSW,False
195,2016-02-09 00:26:00.000,2016-02-09 00:31:00.000,2016-02-09 00:39:00.000,B7.4,2492,SSW,False
196,2016-02-09 01:25:00.000,2016-02-09 01:35:00.000,2016-02-09 01:46:00.000,B6.9,2494,SSW,False
197,2016-02-09 02:27:00.000,2016-02-09 02:35:00.000,2016-02-09 02:42:00.000,B7.9,2492,SSW,False
198,2016-02-09 03:09:00.000,2016-02-09 03:14:00.000,2016-02-09 03:20:00.000,B6.2,2492,SSW,True
199,2016-02-09 03:54:00.000,2016-02-09 04:00:00.000,2016-02-09 04:03:00.000,B6.0,2492,SSW,False
200,2016-02-09 05:25:00.000,2016-02-09 06:48:00.000,2016-02-09 07:40:00.000,C1.3,0,SSW,False
201,2016-02-09 05:58:00.000,2016-02-09 06:01:00.000,2016-02-09 06:06:00.000,C1.0,2498,SSW,True
202,2016-02-09 11:58:00.000,2016-02-09 12:06:00.000,2016-02-09 12:21:00.000,B5.6,2494,SSW,False
203,2016-02-09 12:24:00.000,2016-02-09 12:28:00.000,2016-02-09 12:33:00.000,B6.7,2492,SSW,True
204,2016-02-09 17:44:00.000,2016-02-09 17:47:00.000,2016-02-09 17:49:00.000,B5.6,2495,SSW,False
205,2016-02-09 19:26:00.000,2016-02-09 19:39:00.000,2016-02-09 19:47:00.000,B9.1,2494,SSW,False
206,2016-02-09 21:51:00.000,2016-02-09 22:05:00.000,2016-02-09 22:08:00.000,B6.2,2497,SSW,False
207,2016-02-10 02:43:00.000,2016-02-10 02:50:00.000,2016-02-10 02:55:00.000,B9.1,2497,SSW,False
208,2016-02-10 07:50:00.000,2016-02-10 08:01:00.000,2016-02-10 08:08:00.000,B6.3,2497,SSW,False
209,2016-02-10 14:39:00.000,2016-02-10 14:42:00.000,2016-02-10 14:44:00.000,B4.0,2497,SSW,False
210,2016-02-10 15:12:00.000,2016-02-10 15:22:00.000,2016-02-10 15:34:00.000,C1.3,2497,SSW,True
211,2016-02-10 20:41:00.000,2016-02-10 20:48:00.000,2016-02-10 21:03:00.000,B5.9,2496,SSW,False
212,2016-02-10 22:29:00.000,2016-02-10 22:35:00.000,2016-02-10 22:43:00.000,B5.8,2496,SSW,False
213,2016-02-11 04:08:00.000,2016-02-11 04:13:00.000,2016-02-11 04:19:00.000,B4.7,2497,SSW,False
214,2016-02-11 16:22:00.000,2016-02-11 16:49:00.000,2016-02-11 17:04:00.000,C2.6,2497,SSW,False
215,2016-02-11 20:18:00.000,2016-02-11 21:03:00.000,2016-02-11 21:28:00.000,C8.9,2497,SSW,False
216,2016-02-11 23:54:00.000,2016-02-11 23:59:00.000,2016-02-12 00:02:00.000,C1.2,2492,SSW,False
217,2016-02-12 00:49:00.000,2016-02-12 00:53:00.000,2016-02-12 00:56:00.000,C1.2,2497,SSW,False
218,2016-02-12 06:27:00.000,2016-02-12 06:36:00.000,2016-02-12 06:55:00.000,C2.1,2492,SSW,False
219,2016-02-12 07:59:00.000,2016-02-12 08:12:00.000,2016-02-12 08:24:00.000,B8.3,2497,SSW,False
220,2016-02-12 10:36:00.000,2016-02-12 10:47:00.000,2016-02-12 10:53:00.000,M1.0,2497,SSW,False
221,2016-02-12 17:10:00.000,2016-02-12 17:21:00.000,2016-02-12 17:27:00.000,C6.8,2497,SSW,False
222,2016-02-12 21:05:00.000,2016-02-12 21:10:00.000,2016-02-12 21:20:00.000,B7.5,2497,SSW,False
223,2016-02-12 22:04:00.000,2016-02-12 22:15:00.000,2016-02-12 22:25:00.000,B7.7,2497,SSW,False
224,2016-02-12 22:34:00.000,2016-02-12 22:39:00.000,2016-02-12 22:43:00.000,C3.0,2497,SSW,True
225,2016-02-13 00:20:00.000,2016-02-13 00:26:00.000,2016-02-13 00:32:00.000,B8.9,2497,SSW,False
226,2016-02-13 00:59:00.000,2016-02-13 01:03:00.000,2016-02-13 01:06:00.000,B8.0,12497,GOES,True
227,2016-02-13 00:59:00.000,2016-02-13 01:00:00.000,2016-02-13 01:06:00.000,B8.0,2497,SSW,True
228,2016-02-13 06:46:00.000,2016-02-13 06:50:00.000,2016-02-13 06:54:00.000,B6.6,2497,SSW,False
229,2016-02-13 08:25:00.000,2016-02-13 08:31:00.000,2016-02-13 08:34:00.000,C1.3,2497,SSW,False
230,2016-02-13 10:04:00.000,2016-02-13 10:09:00.000,2016-02-13 10:13:00.000,C2.8,2497,SSW,False
231,2016-02-13 10:58:00.000,2016-02-13 11:00:00.000,2016-02-13 11:06:00.000,B8.5,2497,SSW,False
232,2016-02-13 10:58:00.000,2016-02-13 11:01:00.000,2016-02-13 11:06:00.000,B8.5,12497,GOES,True
233,2016-02-13 13:32:00.000,2016-02-13 13:43:00.000,2016-02-13 13:58:00.000,B6.9,2497,SSW,False
234,2016-02-13 15:16:00.000,2016-02-13 15:24:00.000,2016-02-13 15:26:00.000,M1.8,2497,SSW,False
235,2016-02-13 18:50:00.000,2016-02-13 18:55:00.000,2016-02-13 19:02:00.000,C1.6,2497,SSW,False
236,2016-02-13 20:45:00.000,2016-02-13 21:05:00.000,2016-02-13 21:12:00.000,C2.5,12497,GOES,False
237,2016-02-13 20:45:00.000,2016-02-13 21:00:00.000,2016-02-13 21:12:00.000,C2.5,2497,SSW,True
238,2016-02-13 21:29:00.000,2016-02-13 21:34:00.000,2016-02-13 21:40:00.000,C1.1,2497,SSW,True
239,2016-02-13 21:57:00.000,2016-02-13 22:01:00.000,2016-02-13 22:06:00.000,B9.5,2497,SSW,True
240,2016-02-13 22:07:00.000,2016-02-13 22:13:00.000,2016-02-13 22:16:00.000,C2.1,0,GOES,True
241,2016-02-13 22:07:00.000,2016-02-13 22:12:00.000,2016-02-13 22:16:00.000,C2.1,0,SSW,True
242,2016-02-13 23:41:00.000,2016-02-13 23:54:00.000,2016-02-14 00:02:00.000,B8.6,12497,GOES,False
243,2016-02-14 00:51:00.000,2016-02-14 00:58:00.000,2016-02-14 01:02:00.000,B9.6,2497,SSW,False
244,2016-02-14 01:18:00.000,2016-02-14 01:21:00.000,2016-02-14 01:26:00.000,C1.3,2500,SSW,True
245,2016-02-14 03:06:00.000,2016-02-14 03:17:00.000,2016-02-14 03:31:00.000,C1.1,0,SSW,False
246,2016-02-14 04:27:00.000,2016-02-14 04:39:00.000,2016-02-14 04:52:00.000,C3.4,2497,SSW,False
247,2016-02-14 08:30:00.000,2016-02-14 08:33:00.000,2016-02-14 08:36:00.000,C1.0,2497,SSW,False
248,2016-02-14 09:52:00.000,2016-02-14 10:25:00.000,2016-02-14 10:30:00.000,C6.9,12497,GOES,False
249,2016-02-14 09:52:00.000,2016-02-14 09:58:00.000,2016-02-14 10:30:00.000,C6.9,2497,SSW,True
250,2016-02-14 11:53:00.000,2016-02-14 11:57:00.000,2016-02-14 12:01:00.000,C1.4,2497,SSW,False
251,2016-02-14 19:18:00.000,2016-02-14 19:26:00.000,2016-02-14 19:29:00.000,M1.0,2497,SSW,False
252,2016-02-14 21:10:00.000,2016-02-14 21:18:00.000,2016-02-14 21:27:00.000,C2.4,2497,SSW,False
253,2016-02-15 04:02:00.000,2016-02-15 04:19:00.000,2016-02-15 04:24:00.000,C3.9,12497,GOES,False
254,2016-02-15 04:02:00.000,2016-02-15 04:18:00.000,2016-02-15 04:24:00.000,C3.9,2497,SSW,True
255,2016-02-15 05:27:00.000,2016-02-15 05:33:00.000,2016-02-15 05:38:00.000,C1.4,2497,SSW,False
256,2016-02-15 06:35:00.000,2016-02-15 06:38:00.000,2016-02-15 06:40:00.000,B6.4,2497,SSW,False
257,2016-02-15 07:20:00.000,2016-02-15 07:23:00.000,2016-02-15 07:32:00.000,B9.1,2497,SSW,False
258,2016-02-15 08:26:00.000,2016-02-15 08:41:00.000,2016-02-15 08:46:00.000,C5.2,2497,SSW,False
259,2016-02-15 09:29:00.000,2016-02-15 09:34:00.000,2016-02-15 09:44:00.000,C2.3,2497,SSW,False
260,2016-02-15 09:29:00.000,2016-02-15 09:35:00.000,2016-02-15 09:44:00.000,C2.3,12497,GOES,True
261,2016-02-15 10:41:00.000,2016-02-15 11:00:00.000,2016-02-15 11:06:00.000,M1.1,2497,SSW,False
262,2016-02-15 14:40:00.000,2016-02-15 15:04:00.000,2016-02-15 15:13:00.000,C3.3,2497,SSW,False
263,2016-02-15 17:14:00.000,2016-02-15 17:23:00.000,2016-02-15 17:27:00.000,C2.5,2497,SSW,False
264,2016-02-15 17:32:00.000,2016-02-15 17:36:00.000,2016-02-15 17:39:00.000,C1.6,12497,GOES,True
265,2016-02-15 17:32:00.000,2016-02-15 17:34:00.000,2016-02-15 17:36:00.000,C1.6,2497,SSW,True
266,2016-02-15 17:46:00.000,2016-02-15 17:52:00.000,2016-02-15 18:00:00.000,C4.2,2497,SSW,True
267,2016-02-15 18:08:00.000,2016-02-15 18:12:00.000,2016-02-15 18:15:00.000,C2.2,2497,SSW,True
268,2016-02-15 18:42:00.000,2016-02-15 18:46:00.000,2016-02-15 18:49:00.000,C2.9,2497,SSW,True
269,2016-02-15 19:31:00.000,2016-02-15 19:37:00.000,2016-02-15 19:41:00.000,C1.2,2497,SSW,False
270,2016-02-15 19:46:00.000,2016-02-15 19:52:00.000,2016-02-15 19:55:00.000,C1.7,2497,SSW,True
271,2016-02-15 20:02:00.000,2016-02-15 20:06:00.000,2016-02-15 20:10:00.000,C1.6,2497,SSW,True
272,2016-02-15 20:53:00.000,2016-02-15 20:58:00.000,2016-02-15 21:05:00.000,C1.2,2497,SSW,False
273,2016-02-15 21:14:00.000,2016-02-15 21:40:00.000,2016-02-15 21:49:00.000,C4.1,2497,SSW,True
274,2016-02-16 01:45:00.000,2016-02-16 01:59:00.000,2016-02-16 02:04:00.000,C3.5,12497,GOES,False
275,2016-02-16 02:24:00.000,2016-02-16 02:28:00.000,2016-02-16 02:30:00.000,C1.2,0,GOES,True
276,2016-02-16 06:37:00.000,2016-02-16 06:45:00.000,2016-02-16 06:50:00.000,C2.4,12497,GOES,False
277,2016-02-16 07:49:00.000,2016-02-16 07:54:00.000,2016-02-16 07:59:00.000,C1.1,12497,GOES,False
278,2016-02-16 10:36:00.000,2016-02-16 10:39:00.000,2016-02-16 10:41:00.000,B7.7,12497,GOES,False
279,2016-02-16 11:34:00.000,2016-02-16 11:38:00.000,2016-02-16 11:46:00.000,B5.4,2497,SSW,False
280,2016-02-16 13:36:00.000,2016-02-16 13:52:00.000,2016-02-16 13:57:00.000,C1.9,2497,SSW,False
281,2016-02-16 15:29:00.000,2016-02-16 15:48:00.000,2016-02-16 15:53:00.000,C2.1,2497,SSW,False
282,2016-02-16 16:47:00.000,2016-02-16 16:50:00.000,2016-02-16 16:57:00.000,C1.2,2497,SSW,False
283,2016-02-16 18:44:00.000,2016-02-16 18:50:00.000,2016-02-16 18:53:00.000,C2.8,2497,SSW,False
284,2016-02-16 22:10:00.000,2016-02-16 22:15:00.000,2016-02-16 22:32:00.000,B8.2,2497,SSW,False
285,2016-02-16 22:51:00.000,2016-02-16 22:58:00.000,2016-02-16 23:01:00.000,C1.3,2497,SSW,True
286,2016-02-16 23:32:00.000,2016-02-16 23:37:00.000,2016-02-16 23:40:00.000,B9.8,2497,SSW,False
287,2016-02-17 00:41:00.000,2016-02-17 00:46:00.000,2016-02-17 00:46:00.000,B9.6,2497,SSW,False
288,2016-02-17 01:03:00.000,2016-02-17 01:10:00.000,2016-02-17 01:14:00.000,C1.4,2497,SSW,True
289,2016-02-17 01:44:00.000,2016-02-17 01:48:00.000,2016-02-17 01:50:00.000,C2.2,2497,SSW,True
290,2016-02-17 02:17:00.000,2016-02-17 02:20:00.000,2016-02-17 02:25:00.000,B9.8,12497,GOES,True
291,2016-02-17 02:33:00.000,2016-02-17 02:47:00.000,2016-02-17 02:55:00.000,C2.0,2497,SSW,True
292,2016-02-17 04:20:00.000,2016-02-17 04:23:00.000,2016-02-17 04:27:00.000,C1.0,2497,SSW,False
293,2016-02-17 04:33:00.000,2016-02-17 04:39:00.000,2016-02-17 04:43:00.000,B9.5,2497,SSW,True
294,2016-02-17 04:54:00.000,2016-02-17 05:01:00.000,2016-02-17 05:07:00.000,C9.4,2497,SSW,True
295,2016-02-17 05:43:00.000,2016-02-17 05:50:00.000,2016-02-17 05:53:00.000,C2.0,2497,SSW,False
296,2016-02-17 06:17:00.000,2016-02-17 06:22:00.000,2016-02-17 06:25:00.000,C2.9,2497,SSW,True
297,2016-02-17 07:52:00.000,2016-02-17 07:56:00.000,2016-02-17 07:59:00.000,B9.1,2497,SSW,False
298,2016-02-17 08:39:00.000,2016-02-17 08:43:00.000,2016-02-17 08:46:00.000,C1.7,2497,SSW,False
299,2016-02-17 09:54:00.000,2016-02-17 10:02:00.000,2016-02-17 10:09:00.000,C2.0,12497,GOES,False
300,2016-02-17 09:54:00.000,2016-02-17 10:01:00.000,2016-02-17 10:09:00.000,C2.0,2497,SSW,True
301,2016-02-17 10:59:00.000,2016-02-17 11:04:00.000,2016-02-17 11:09:00.000,C1.0,12497,GOES,False
302,2016-02-17 10:59:00.000,2016-02-17 11:00:00.000,2016-02-17 11:09:00.000,C1.0,2497,SSW,True
303,2016-02-17 11:30:00.000,2016-02-17 11:34:00.000,2016-02-17 11:37:00.000,C1.2,2497,SSW,True
304,2016-02-17 11:48:00.000,2016-02-17 11:52:00.000,2016-02-17 11:57:00.000,B8.1,2497,SSW,True
305,2016-02-17 12:28:00.000,2016-02-17 12:40:00.000,2016-02-17 12:56:00.000,C1.3,2497,SSW,False
306,2016-02-17 17:45:00.000,2016-02-17 17:51:00.000,2016-02-17 18:02:00.000,C1.2,2503,SSW,False
307,2016-02-17 18:06:00.000,2016-02-17 18:13:00.000,2016-02-17 18:19:00.000,C7.4,2497,SSW,True
308,2016-02-17 20:05:00.000,2016-02-17 20:22:00.000,2016-02-17 20:50:00.000,C4.6,2497,SSW,False
309,2016-02-17 21:52:00.000,2016-02-17 21:58:00.000,2016-02-17 22:02:00.000,C2.1,2497,SSW,False
310,2016-02-18 01:49:00.000,2016-02-18 01:58:00.000,2016-02-18 02:04:00.000,C7.2,2497,SSW,False
311,2016-02-18 04:01:00.000,2016-02-18 04:10:00.000,2016-02-18 04:21:00.000,C1.0,12497,GOES,False
312,2016-02-18 04:01:00.000,2016-02-18 04:07:00.000,2016-02-18 04:21:00.000,C1.0,2497,SSW,True
313,2016-02-18 07:20:00.000,2016-02-18 07:27:00.000,2016-02-18 07:32:00.000,B7.8,2497,SSW,False
314,2016-02-18 16:07:00.000,2016-02-18 16:44:00.000,2016-02-18 17:21:00.000,C1.1,2497,SSW,False
315,2016-02-18 19:59:00.000,2016-02-18 20:25:00.000,2016-02-18 20:58:00.000,C1.2,2497,SSW,False
316,2016-02-18 21:08:00.000,2016-02-18 21:13:00.000,2016-02-18 21:17:00.000,C1.8,2501,SSW,True
317,2016-02-18 23:10:00.000,2016-02-18 23:15:00.000,2016-02-18 23:17:00.000,B4.9,0,GOES,False
318,2016-02-18 23:18:00.000,2016-02-18 23:30:00.000,2016-02-18 23:45:00.000,B7.1,12497,GOES,True
319,2016-02-19 00:03:00.000,2016-02-19 00:19:00.000,2016-02-19 00:53:00.000,C1.6,2497,SSW,True
320,2016-02-19 01:17:00.000,2016-02-19 01:40:00.000,2016-02-19 02:10:00.000,C1.3,2497,SSW,True
321,2016-02-19 03:06:00.000,2016-02-19 03:21:00.000,2016-02-19 03:52:00.000,C2.0,0,GOES,False
322,2016-02-19 03:06:00.000,2016-02-19 03:20:00.000,2016-02-19 03:52:00.000,C2.0,0,SSW,True
323,2016-02-19 04:33:00.000,2016-02-19 05:08:00.000,2016-02-19 05:51:00.000,C2.1,2497,SSW,False
324,2016-02-19 08:49:00.000,2016-02-19 09:02:00.000,2016-02-19 09:21:00.000,C1.4,2497,SSW,False
325,2016-02-19 12:36:00.000,2016-02-19 12:40:00.000,2016-02-19 12:52:00.000,B4.0,2497,SSW,False
326,2016-02-19 17:49:00.000,2016-02-19 17:58:00.000,2016-02-19 18:06:00.000,C1.0,0,GOES,False
327,2016-02-19 17:49:00.000,2016-02-19 17:57:00.000,2016-02-19 18:06:00.000,C1.0,0,SSW,True
328,2016-02-19 22:49:00.000,2016-02-19 23:10:00.000,2016-02-19 23:18:00.000,C2.7,0,SSW,False
329,2016-02-20 00:49:00.000,2016-02-20 01:31:00.000,2016-02-20 01:42:00.000,B8.9,0,GOES,False
330,2016-02-20 06:49:00.000,2016-02-20 06:58:00.000,2016-02-20 07:11:00.000,B9.6,0,SSW,False
331,2016-02-20 08:04:00.000,2016-02-20 08:09:00.000,2016-02-20 08:13:00.000,B4.6,0,SSW,False
332,2016-02-21 04:23:00.000,2016-02-21 04:24:00.000,2016-02-21 04:29:00.000,B2.5,2505,SSW,False
333,2016-02-21 04:23:00.000,2016-02-21 04:26:00.000,2016-02-21 04:29:00.000,B2.5,0,GOES,True
334,2016-02-21 07:43:00.000,2016-02-21 07:53:00.000,2016-02-21 07:55:00.000,B5.1,2505,SSW,False
335,2016-02-21 10:10:00.000,2016-02-21 10:13:00.000,2016-02-21 10:21:00.000,B2.9,2505,SSW,False
336,2016-02-21 13:00:00.000,2016-02-21 13:04:00.000,2016-02-21 13:08:00.000,B5.1,2505,SSW,False
337,2016-02-21 14:42:00.000,2016-02-21 15:41:00.000,2016-02-21 16:42:00.000,B3.7,2505,SSW,False
338,2016-02-22 16:27:00.000,2016-02-22 16:31:00.000,2016-02-22 16:33:00.000,B4.0,0,SSW,False
339,2016-02-22 18:41:00.000,2016-02-22 18:45:00.000,2016-02-22 18:47:00.000,B4.3,12506,GOES,False
340,2016-02-22 18:41:00.000,2016-02-22 18:44:00.000,2016-02-22 18:47:00.000,B4.3,0,SSW,True
341,2016-02-22 20:43:00.000,2016-02-22 20:55:00.000,2016-02-22 20:59:00.000,B8.7,0,SSW,False
342,2016-02-23 01:01:00.000,2016-02-23 01:09:00.000,2016-02-23 01:13:00.000,B9.7,0,SSW,False
343,2016-02-24 00:54:00.000,2016-02-24 01:01:00.000,2016-02-24 01:04:00.000,B3.0,0,SSW,False
344,2016-02-24 01:13:00.000,2016-02-24 01:18:00.000,2016-02-24 01:20:00.000,B3.5,0,SSW,True
345,2016-02-24 03:43:00.000,2016-02-24 03:48:00.000,2016-02-24 03:50:00.000,B2.6,0,SSW,False
346,2016-02-24 05:27:00.000,2016-02-24 05:30:00.000,2016-02-24 05:32:00.000,B1.9,2501,SSW,False
347,2016-02-24 06:57:00.000,2016-02-24 07:02:00.000,2016-02-24 07:05:00.000,B2.9,0,SSW,False
348,2016-02-24 08:08:00.000,2016-02-24 08:12:00.000,2016-02-24 08:15:00.000,B3.0,2501,SSW,False
349,2016-02-24 12:23:00.000,2016-02-24 12:29:00.000,2016-02-24 12:32:00.000,C1.4,2506,SSW,False
350,2016-02-24 16:41:00.000,2016-02-24 16:46:00.000,2016-02-24 16:49:00.000,B4.4,2506,SSW,False
351,2016-02-24 17:17:00.000,2016-02-24 17:20:00.000,2016-02-24 17:22:00.000,B4.5,2506,SSW,True
352,2016-02-24 18:40:00.000,2016-02-24 18:46:00.000,2016-02-24 18:48:00.000,B4.3,12506,GOES,False
353,2016-02-24 18:40:00.000,2016-02-24 18:44:00.000,2016-02-24 18:48:00.000,B4.3,2506,SSW,True
354,2016-02-24 21:24:00.000,2016-02-24 21:36:00.000,2016-02-24 21:46:00.000,B3.4,12506,GOES,False
355,2016-02-24 21:24:00.000,2016-02-24 21:34:00.000,2016-02-24 21:46:00.000,B3.4,2506,SSW,True
356,2016-02-25 09:15:00.000,2016-02-25 09:23:00.000,2016-02-25 09:43:00.000,B3.2,2506,SSW,False
357,2016-02-25 10:13:00.000,2016-02-25 10:16:00.000,2016-02-25 10:19:00.000,B3.4,2506,SSW,True
358,2016-02-25 12:59:00.000,2016-02-25 13:03:00.000,2016-02-25 13:06:00.000,B2.4,0,GOES,False
359,2016-02-25 12:59:00.000,2016-02-25 13:00:00.000,2016-02-25 13:06:00.000,B2.4,0,SSW,True
360,2016-02-25 19:11:00.000,2016-02-25 19:56:00.000,2016-02-25 20:09:00.000,B8.0,2506,SSW,False
361,2016-02-26 05:10:00.000,2016-02-26 05:13:00.000,2016-02-26 05:17:00.000,B2.8,2506,SSW,False
362,2016-02-26 09:43:00.000,2016-02-26 09:51:00.000,2016-02-26 10:06:00.000,C1.0,2506,SSW,False
363,2016-02-26 21:58:00.000,2016-02-26 22:02:00.000,2016-02-26 22:06:00.000,B3.0,2507,SSW,False
364,2016-02-27 04:51:00.000,2016-02-27 04:56:00.000,2016-02-27 05:01:00.000,B6.5,2506,SSW,False
365,2016-02-27 05:16:00.000,2016-02-27 05:21:00.000,2016-02-27 05:26:00.000,B6.3,2506,SSW,True
366,2016-02-27 05:44:00.000,2016-02-27 05:55:00.000,2016-02-27 06:01:00.000,C3.3,2506,SSW,True
367,2016-02-27 11:30:00.000,2016-02-27 11:34:00.000,2016-02-27 11:37:00.000,B2.5,2506,SSW,False
368,2016-02-27 15:11:00.000,2016-02-27 15:15:00.000,2016-02-27 15:18:00.000,B2.8,2506,SSW,False
369,2016-02-28 06:30:00.000,2016-02-28 06:56:00.000,2016-02-28 07:11:00.000,B4.5,2506,SSW,False
370,2016-02-28 11:31:00.000,2016-02-28 11:38:00.000,2016-02-28 11:52:00.000,B4.1,2506,SSW,False
371,2016-02-28 17:17:00.000,2016-02-28 17:21:00.000,2016-02-28 17:32:00.000,B2.6,2506,SSW,False
372,2016-02-29 04:19:00.000,2016-02-29 04:30:00.000,2016-02-29 04:41:00.000,B6.9,12506,GOES,False
373,2016-02-29 04:19:00.000,2016-02-29 04:29:00.000,2016-02-29 04:41:00.000,B6.9,2506,SSW,True
374,2016-02-29 16:43:00.000,2016-02-29 17:06:00.000,2016-02-29 17:27:00.000,B5.2,0,SSW,False
375,2016-03-01 00:46:00.000,2016-03-01 00:52:00.000,2016-03-01 00:56:00.000,B6.2,2511,SSW,False
376,2016-03-01 07:50:00.000,2016-03-01 09:36:00.000,2016-03-01 09:50:00.000,B2.7,2513,SSW,False
377,2016-03-01 16:12:00.000,2016-03-01 16:17:00.000,2016-03-01 16:33:00.000,B2.4,2506,SSW,False
378,2016-03-01 17:34:00.000,2016-03-01 17:57:00.000,2016-03-01 18:03:00.000,B3.4,2511,SSW,False
379,2016-03-01 17:44:00.000,2016-03-01 17:57:00.000,2016-03-01 18:08:00.000,B3.5,2511,SSW,True
380,2016-03-02 21:08:00.000,2016-03-02 21:45:00.000,2016-03-02 22:20:00.000,B2.7,2506,SSW,False
381,2016-03-03 01:36:00.000,2016-03-03 02:03:00.000,2016-03-03 02:57:00.000,B4.6,2511,SSW,False
382,2016-03-03 15:19:00.000,2016-03-03 15:50:00.000,2016-03-03 16:08:00.000,B5.2,0,SSW,False
383,2016-03-04 06:15:00.000,2016-03-04 06:30:00.000,2016-03-04 06:49:00.000,B3.0,2511,SSW,False
384,2016-03-04 07:47:00.000,2016-03-04 07:51:00.000,2016-03-04 07:54:00.000,B3.2,2514,SSW,False
385,2016-03-04 08:28:00.000,2016-03-04 09:00:00.000,2016-03-04 09:21:00.000,C1.1,2506,SSW,False
386,2016-03-05 00:35:00.000,2016-03-05 00:40:00.000,2016-03-05 00:47:00.000,B3.6,2506,SSW,False
387,2016-03-05 03:16:00.000,2016-03-05 03:22:00.000,2016-03-05 03:36:00.000,B4.4,2515,SSW,False
388,2016-03-05 10:48:00.000,2016-03-05 10:56:00.000,2016-03-05 11:04:00.000,B4.7,2506,SSW,False
389,2016-03-05 20:37:00.000,2016-03-05 21:29:00.000,2016-03-05 22:10:00.000,B4.1,2506,SSW,False
390,2016-03-06 04:58:00.000,2016-03-06 05:12:00.000,2016-03-06 05:19:00.000,B7.2,2512,SSW,False
391,2016-03-06 06:23:00.000,2016-03-06 06:27:00.000,2016-03-06 06:30:00.000,B2.8,2512,SSW,False
392,2016-03-06 07:26:00.000,2016-03-06 07:30:00.000,2016-03-06 07:33:00.000,B3.1,0,SSW,False
393,2016-03-06 07:34:00.000,2016-03-06 07:43:00.000,2016-03-06 07:45:00.000,B7.0,2512,SSW,True
394,2016-03-06 09:23:00.000,2016-03-06 09:27:00.000,2016-03-06 09:31:00.000,B5.1,2512,SSW,False
395,2016-03-06 12:33:00.000,2016-03-06 13:07:00.000,2016-03-06 13:14:00.000,B4.3,12512,GOES,False
396,2016-03-06 12:33:00.000,2016-03-06 12:46:00.000,2016-03-06 13:07:00.000,B4.3,2512,SSW,True
397,2016-03-06 18:02:00.000,2016-03-06 18:05:00.000,2016-03-06 18:08:00.000,B2.7,12512,GOES,False
398,2016-03-06 18:02:00.000,2016-03-06 18:04:00.000,2016-03-06 18:08:00.000,B2.7,2512,SSW,True
399,2016-03-08 03:26:00.000,2016-03-08 03:30:00.000,2016-03-08 03:37:00.000,B2.4,0,SSW,False
400,2016-03-08 10:59:00.000,2016-03-08 11:19:00.000,2016-03-08 11:45:00.000,B2.8,0,SSW,False
401,2016-03-08 13:03:00.000,2016-03-08 13:06:00.000,2016-03-08 13:08:00.000,C1.5,0,SSW,False
402,2016-03-08 13:09:00.000,2016-03-08 13:12:00.000,2016-03-08 13:14:00.000,B8.4,2511,SSW,True
403,2016-03-08 14:00:00.000,2016-03-08 14:11:00.000,2016-03-08 14:24:00.000,B3.2,0,SSW,False
404,2016-03-08 14:34:00.000,2016-03-08 14:39:00.000,2016-03-08 14:45:00.000,B3.9,0,SSW,True
405,2016-03-08 18:12:00.000,2016-03-08 18:16:00.000,2016-03-08 18:22:00.000,B7.1,2511,SSW,False
406,2016-03-08 22:34:00.000,2016-03-08 22:39:00.000,2016-03-08 22:42:00.000,B4.1,2519,SSW,False
407,2016-03-09 02:42:00.000,2016-03-09 02:58:00.000,2016-03-09 03:11:00.000,C1.3,12519,GOES,False
408,2016-03-09 02:42:00.000,2016-03-09 02:57:00.000,2016-03-09 03:11:00.000,C1.3,2519,SSW,True
409,2016-03-09 05:00:00.000,2016-03-09 05:04:00.000,2016-03-09 05:08:00.000,B4.0,2519,SSW,False
410,2016-03-09 12:26:00.000,2016-03-09 12:30:00.000,2016-03-09 12:32:00.000,B4.1,2519,SSW,False
411,2016-03-09 12:36:00.000,2016-03-09 12:50:00.000,2016-03-09 13:06:00.000,C3.3,2519,SSW,True
412,2016-03-10 18:27:00.000,2016-03-10 18:30:00.000,2016-03-10 18:32:00.000,B3.3,2519,SSW,False
413,2016-03-10 18:42:00.000,2016-03-10 18:54:00.000,2016-03-10 19:06:00.000,B8.4,2512,SSW,True
414,2016-03-11 02:11:00.000,2016-03-11 02:16:00.000,2016-03-11 02:20:00.000,B3.4,2511,SSW,False
415,2016-03-11 03:12:00.000,2016-03-11 03:15:00.000,2016-03-11 03:17:00.000,B2.7,0,SSW,False
416,2016-03-12 03:43:00.000,2016-03-12 04:05:00.000,2016-03-12 04:20:00.000,B8.8,2519,SSW,False
417,2016-03-12 06:15:00.000,2016-03-12 06:19:00.000,2016-03-12 06:23:00.000,C1.1,2513,SSW,False
418,2016-03-13 21:44:00.000,2016-03-13 21:48:00.000,2016-03-13 21:52:00.000,B6.4,2521,SSW,False
419,2016-03-14 11:03:00.000,2016-03-14 11:11:00.000,2016-03-14 11:20:00.000,B6.9,2522,SSW,False
420,2016-03-14 17:52:00.000,2016-03-14 17:58:00.000,2016-03-14 18:02:00.000,B6.4,2522,SSW,False
421,2016-03-14 22:41:00.000,2016-03-14 22:46:00.000,2016-03-14 22:53:00.000,B5.1,2522,SSW,False
422,2016-03-15 03:47:00.000,2016-03-15 04:21:00.000,2016-03-15 04:52:00.000,B4.3,0,SSW,False
423,2016-03-15 09:23:00.000,2016-03-15 09:29:00.000,2016-03-15 09:34:00.000,C1.2,2521,SSW,False
424,2016-03-15 15:32:00.000,2016-03-15 15:38:00.000,2016-03-15 15:43:00.000,C1.0,2521,SSW,False
425,2016-03-15 16:47:00.000,2016-03-15 16:51:00.000,2016-03-15 16:54:00.000,B6.4,2521,SSW,False
426,2016-03-15 18:05:00.000,2016-03-15 18:11:00.000,2016-03-15 18:20:00.000,B8.6,2521,SSW,False
427,2016-03-15 20:37:00.000,2016-03-15 20:40:00.000,2016-03-15 20:48:00.000,B5.2,2521,SSW,False
428,2016-03-16 06:34:00.000,2016-03-16 06:46:00.000,2016-03-16 06:57:00.000,C2.2,12522,GOES,False
429,2016-03-16 06:34:00.000,2016-03-16 06:45:00.000,2016-03-16 06:57:00.000,C2.2,2522,SSW,True
430,2016-03-16 19:52:00.000,2016-03-16 19:55:00.000,2016-03-16 19:57:00.000,B4.3,12519,GOES,False
431,2016-03-16 19:52:00.000,2016-03-16 19:54:00.000,2016-03-16 19:57:00.000,B4.3,2519,SSW,True
432,2016-03-17 16:13:00.000,2016-03-17 16:16:00.000,2016-03-17 16:22:00.000,B3.5,2524,SSW,False
433,2016-03-18 00:11:00.000,2016-03-18 00:17:00.000,2016-03-18 00:24:00.000,B5.1,2523,SSW,False
434,2016-03-18 18:52:00.000,2016-03-18 18:56:00.000,2016-03-18 19:00:00.000,B3.4,2521,SSW,False
435,2016-03-18 23:03:00.000,2016-03-18 23:18:00.000,2016-03-18 23:31:00.000,B6.7,2524,SSW,False
436,2016-03-19 13:07:00.000,2016-03-19 13:11:00.000,2016-03-19 13:14:00.000,B2.1,2524,SSW,False
437,2016-03-20 00:40:00.000,2016-03-20 00:49:00.000,2016-03-20 01:05:00.000,C1.2,2521,SSW,False
438,2016-03-20 01:22:00.000,2016-03-20 01:33:00.000,2016-03-20 01:38:00.000,C3.7,2521,SSW,True
439,2016-03-20 11:33:00.000,2016-03-20 11:40:00.000,2016-03-20 11:44:00.000,B3.5,0,SSW,False
440,2016-03-20 17:59:00.000,2016-03-20 18:02:00.000,2016-03-20 18:08:00.000,B2.1,0,SSW,False
441,2016-03-23 02:36:00.000,2016-03-23 03:51:00.000,2016-03-23 04:45:00.000,C1.1,2524,SSW,False
442,2016-03-23 02:59:00.000,2016-03-23 03:54:00.000,2016-03-23 04:45:00.000,C1.1,2524,SSW,True
443,2016-03-23 22:05:00.000,2016-03-23 22:09:00.000,2016-03-23 22:12:00.000,B2.8,2526,SSW,False
444,2016-03-23 22:41:00.000,2016-03-23 22:51:00.000,2016-03-23 22:56:00.000,B4.2,2526,SSW,True
445,2016-03-24 12:55:00.000,2016-03-24 12:58:00.000,2016-03-24 13:01:00.000,B2.0,2526,SSW,False
446,2016-03-24 16:59:00.000,2016-03-24 17:02:00.000,2016-03-24 17:05:00.000,B3.3,2524,SSW,False
447,2016-03-25 14:55:00.000,2016-03-25 15:00:00.000,2016-03-25 15:02:00.000,B6.5,2526,SSW,False
448,2016-03-26 07:19:00.000,2016-03-26 07:22:00.000,2016-03-26 07:24:00.000,B1.6,2526,SSW,False
449,2016-03-26 07:34:00.000,2016-03-26 07:37:00.000,2016-03-26 07:41:00.000,B1.7,2526,SSW,True
450,2016-03-26 23:12:00.000,2016-03-26 23:17:00.000,2016-03-26 23:27:00.000,B1.9,2526,SSW,False
451,2016-03-27 06:00:00.000,2016-03-27 06:07:00.000,2016-03-27 06:11:00.000,B3.5,2524,SSW,False
452,2016-03-27 10:28:00.000,2016-03-27 10:31:00.000,2016-03-27 10:38:00.000,B1.7,2526,SSW,False
453,2016-03-27 11:02:00.000,2016-03-27 11:27:00.000,2016-03-27 11:33:00.000,B2.1,0,SSW,True
454,2016-03-27 12:13:00.000,2016-03-27 12:19:00.000,2016-03-27 12:26:00.000,B4.2,2524,SSW,False
455,2016-03-27 16:33:00.000,2016-03-27 16:38:00.000,2016-03-27 16:42:00.000,B4.8,2524,SSW,False
456,2016-03-27 19:43:00.000,2016-03-27 19:48:00.000,2016-03-27 19:50:00.000,B4.8,2524,SSW,False
457,2016-03-28 02:18:00.000,2016-03-28 02:28:00.000,2016-03-28 02:32:00.000,C2.1,2524,SSW,False
458,2016-03-28 02:54:00.000,2016-03-28 02:59:00.000,2016-03-28 03:04:00.000,B3.3,2526,SSW,True
459,2016-03-28 07:52:00.000,2016-03-28 07:57:00.000,2016-03-28 08:10:00.000,B3.7,2526,SSW,False
460,2016-03-28 18:38:00.000,2016-03-28 18:44:00.000,2016-03-28 19:00:00.000,B3.4,2524,SSW,False
461,2016-03-28 23:41:00.000,2016-03-28 23:47:00.000,2016-03-28 23:56:00.000,B2.4,12524,GOES,False
462,2016-03-28 23:41:00.000,2016-03-28 23:45:00.000,2016-03-28 23:47:00.000,B2.4,2524,SSW,True
463,2016-03-29 03:47:00.000,2016-03-29 03:59:00.000,2016-03-29 04:09:00.000,B2.6,2524,SSW,False
464,2016-03-29 14:48:00.000,2016-03-29 14:56:00.000,2016-03-29 15:10:00.000,B3.5,2524,SSW,False
465,2016-03-30 16:04:00.000,2016-03-30 16:11:00.000,2016-03-30 16:16:00.000,B1.5,2526,SSW,False
