,Unnamed: 0.1,Unnamed: 0,event_starttime,event_peaktime,event_endtime,fl_goescls,hpc_x,hpc_y,hgc_x,hgc_y,ar_noaanum,Proximity Flag,Actual Peak Time,Peak Time NoSub,Peak Time,Peak Flux,Background End Time,Fancy Temp,Fancy Temp Nosub,Fancy EM,Fancy EM Nosub,Fancy Tdelta,Peak Temp Long,Peak EM Long,Peak Temp Short,Peak EM Short,Flare Max Temp,Flare Max EM,Temp 1/8,EM 1/8,Tdelta 1/8,Temp 1/6,EM 1/6,Tdelta 1/6,Temp 1/4,EM 1/4,Tdelta 1/4,Temp 1/3,EM 1/3,Tdelta 1/3,Temp 1/2,EM 1/2,Tdelta 1/2,Temp 2/3,EM 2/3,Tdelta 2/3,Temp 3/4,EM 3/4,Tdelta 3/4,Background Flag,Onset Flag
1084,1084,1100,2011-02-15 01:44:00.000,2011-02-15 01:45:00.000,2011-02-15 01:56:00.000,X2.2,159.1662,-224.1456,31.834661,-20.0,1158.0,False,2011-02-15 01:55:59.708,2011-02-15 01:55:59.708,2011-02-15 01:55:59.708,0.0003231149,2011-02-15 01:44:50,16.676534769163535,8.984668288724242,9.304305512390523e+46,1.15449735482373e+48,166.927,17.85830069634639,1.0497959876810839e+50,18.015473959959717,1.0358840105863939e+50,19.39753764324906,1.0497959876810839e+50,,,0.0,17.265536925377663,7.294025006486562e+46,27.9045,16.45397949157207,1.6700073771155692e+47,83.7135,16.325870474442794,3.973946487661152e+47,139.5225,16.909628035549847,2.9453293421181727e+48,251.1405,17.53418689132118,9.928825430564644e+48,362.7585,17.777196322975332,1.5161358259566028e+49,418.5675,0.0,1.0
2010,2010,2113,2011-07-28 17:59:00.000,2011-07-28 18:15:00.000,2011-07-28 18:22:00.000,C1.6,-717.162,156.423,-31.606387,13.0,0.0,False,2011-07-28 18:04:04.598,2011-07-28 18:04:04.598,2011-07-28 18:04:04.598,0.0022636887,2011-07-28 18:01:10,4.137950051213088,8.09360903940227,,2.3914755218664822e+45,43.1495,18.87812846307349,7.118912368508653e+50,18.88270853631316,7.114858102149283e+50,76.22337267065119,7.118912368508653e+50,,,0.0,5.03754767209776,,7.274917,4.964144080988435,,21.82475,5.350390788681791,,36.374583,16.7723310210106,6.976099958174938e+46,65.47425,18.35122836341373,1.0941856402747245e+48,94.573917,18.46881482897226,3.2023121921297056e+48,109.12375,0.0,1.0
2139,2139,2243,2011-08-09 07:48:00.000,2011-08-09 08:05:00.000,2011-08-09 08:08:00.000,X6.9,858.23928,191.642838,-64.6915,14.0,0.0,True,2011-08-09 08:04:54.881,2011-08-09 08:04:54.881,2011-08-09 08:04:54.881,0.0010596869,2011-08-09 07:46:50,11.785635162739274,7.603169044237103,8.629782715928109e+46,1.1231971337097377e+48,70.0,19.43910076828047,3.274603245409145e+50,20.888666598975604,3.0225967322446427e+50,23.01837740518426,3.274603245409145e+50,,,0.0,11.693786013107898,8.097183646266218e+46,45.203375,12.220919664902226,1.328479572516764e+47,135.610125,12.56918987937418,2.2698417583160048e+47,226.016875,12.890408100981633,5.424342701697717e+47,406.830375,12.97323516831232,1.0206563900800529e+48,587.643875,12.971726237307983,1.3331419099533766e+48,678.050625,0.0,0.0
2348,2348,2452,2011-09-06 22:12:00.000,2011-09-06 22:20:00.000,2011-09-06 22:24:00.000,X2.1,286.5198,118.1094,-133.61555,14.0,1283.0,False,2011-09-06 22:20:50.348,2011-09-06 22:20:50.348,2011-09-06 22:20:50.348,0.00030699404,2011-09-06 22:12:40,12.40217765111127,9.660283155183263,1.0577472575579083e+47,1.6237801344450686e+48,88.0,16.382364913821867,1.0488470064817276e+50,19.946277372531505,8.258148502586211e+49,21.48000011225482,1.0488470064817276e+50,,,0.0,12.498470299065584,1.6191590181057114e+47,20.431167,12.55621580332332,2.1471973591126583e+47,61.2935,12.840344720025293,3.0225913745199614e+47,102.155833,13.38607236216546,6.1692841471930925e+47,183.8805,14.0642918503099,1.5514798270402856e+48,265.605167,14.606670964372483,3.87918807781193e+48,306.4675,0.0,0.0
2349,2349,2453,2011-09-06 22:12:00.000,2011-09-06 22:20:00.000,2011-09-06 22:24:00.000,X2.1,286.52001,118.109658,-133.61555,14.0,1283.0,False,2011-09-06 22:20:50.348,2011-09-06 22:20:50.348,2011-09-06 22:20:50.348,0.00030699404,2011-09-06 22:12:40,12.40217765111127,9.660283155183263,1.0577472575579083e+47,1.6237801344450686e+48,88.0,16.382364913821867,1.0488470064817276e+50,19.946277372531505,8.258148502586211e+49,21.48000011225482,1.0488470064817276e+50,,,0.0,12.498470299065584,1.6191590181057114e+47,20.431167,12.55621580332332,2.1471973591126583e+47,61.2935,12.840344720025293,3.0225913745199614e+47,102.155833,13.38607236216546,6.1692841471930925e+47,183.8805,14.0642918503099,1.5514798270402856e+48,265.605167,14.606670964372483,3.87918807781193e+48,306.4675,0.0,0.0
2554,2554,2659,2011-09-29 17:57:00.000,2011-09-29 18:09:00.000,2011-09-29 18:28:00.000,C5.6,-261.0144,58.06998,-108.90586,10.0,1305.0,False,2011-09-29 18:04:14.851,2011-09-29 18:04:14.851,2011-09-29 18:04:14.851,0.0022632792,2011-09-29 18:00:20,2.3131560183820583,4.7158538421437965,,1.2503062851790048e+48,58.21275,18.879997787738755,7.117206183749777e+50,18.884578175308437,7.11315231454037e+50,54.88602359593109,7.117206183749777e+50,,,0.0,1.9427575728145947,,9.785458,3.175165990448717,,29.356375,3.823697354306753,,48.927292,4.017704891354471,,88.069125,8.28781091908304,1.4934011736707299e+47,127.210958,10.919040501423762,1.2049405893589421e+48,146.781875,0.0,1.0
2778,2778,2883,2011-11-03 17:57:00.000,2011-11-03 17:59:00.000,2011-11-03 18:09:00.000,C2.2,-832.278,320.613,98.42215,21.0,1339.0,False,2011-11-03 18:04:32.525,2011-11-03 18:04:32.525,2011-11-03 18:04:32.525,0.0022618764,2011-11-03 17:58:40,,6.566541339063354,,2.208644366221153e+48,40.0,18.88605546604803,7.11144071323045e+50,18.89064335400161,7.10738671667294e+50,33.15749980907776,7.11144071323045e+50,,,0.0,12.472539610460634,2.1416716687997855e+46,14.688542,12.90974207305869,3.0610826808621444e+46,44.065625,13.142015087412702,3.533196150856784e+46,73.442708,9.742924111641688,4.1013351092633667e+46,132.196875,8.002397617587167,4.1013351092633667e+46,190.951042,7.6815122236959805,4.1013351092633667e+46,220.328125,0.0,0.0
2890,2890,2996,2011-11-17 17:52:00.000,2011-11-17 19:13:00.000,2011-11-17 19:21:00.000,C2.7,-908.07342,-292.233936,-97.10811,-17.0,1354.0,False,2011-11-17 18:04:15.438,2011-11-17 18:04:15.438,2011-11-17 18:04:15.438,0.0022625774,2011-11-17 18:00:00,4.087138306236271,5.245313132740928,,1.521114448765467e+48,63.3595,18.88314076322563,7.114296562540519e+50,18.88772538248355,7.110242539243887e+50,48.35863799057016,7.114296562540519e+50,,,0.0,6.2930356472145865,,10.64325,4.496798993394092,,31.92975,4.663388565581422,,53.21625,4.83411077519962,,95.78925,4.768184340215922,,138.36225,8.325359038060814,5.857613635911268e+47,159.64875,0.0,1.0
3344,3344,3451,2012-01-27 17:37:00.000,2012-01-27 18:37:00.000,2012-01-27 18:56:00.000,X1.7,813.70434,534.876966,-149.27804,33.0,1402.0,False,2012-01-27 18:36:43.195,2012-01-27 18:36:43.195,2012-01-27 18:36:43.195,0.0002568174,2012-01-27 17:38:00,10.938735240731194,7.263308616937808,1.8130605706516903e+47,1.3894692838782774e+48,70.0,13.314960070268024,1.0081310901417512e+50,14.521061970691116,8.660269171143809e+49,15.286875199205983,1.0081310901417512e+50,,,0.0,11.316144898381207,1.2241895801603293e+48,146.799792,11.14918201133581,1.4946485608391185e+48,440.399375,10.829789175606711,1.5901670761034758e+48,733.998958,10.85650955901302,1.68105683361762e+48,1321.198125,11.485145945091874,3.737536320348772e+48,1908.397292,11.764377257118342,6.982841474648546e+48,2201.996875,0.0,0.0
3561,3561,3669,2012-03-07 00:02:00.000,2012-03-07 00:24:00.000,2012-03-07 00:40:00.000,X5.4,-475.076154,397.082874,-62.39254,18.0,1429.0,True,2012-03-07 00:24:48.035,2012-03-07 00:24:48.035,2012-03-07 00:24:48.035,0.00077529077,2012-03-06 23:59:30,18.74444923889799,7.541102947188557,3.3019112238605e+46,3.907163990557677e+48,148.0,17.411012337273313,2.556351173515557e+50,19.02263718761929,2.263491392291842e+50,20.245842513432105,2.556351173515557e+50,,,0.0,17.88802599720366,1.7732431020048926e+47,63.251458,17.31439824516849,5.348898555111658e+47,189.754375,17.66480772312949,3.807934509758788e+48,316.257292,17.746171872542487,2.159067597672064e+49,569.263125,17.811575511315745,3.38972082381835e+49,822.268958,18.119104170144183,4.4856362688182524e+49,948.771875,0.0,0.0
3569,3569,3677,2012-03-08 19:58:00.000,2012-03-08 20:22:00.000,2012-03-08 20:33:00.000,C1.7,241.394634,-151.742118,-40.51221,-16.0,1428.0,False,2012-03-08 20:04:17.585,2012-03-08 20:04:17.585,2012-03-08 20:04:17.585,0.0022628705,2012-03-08 20:00:30,4.219933687757119,11.620033458743428,,1.837332306923629e+47,56.39625,18.881261968086807,7.115638467151752e+50,18.885845345242423,7.111583573323717e+50,30.838370647269944,7.115638467151752e+50,,,0.0,3.917573055383925,,9.482708,4.633289100487681,,28.448125,4.831033581752565,,47.413542,4.842398552345047,,85.344375,5.967728816438155,3.118037813967493e+47,123.275208,9.014344187931828,1.5788273379427743e+48,142.240625,0.0,1.0
4098,4098,4209,2012-05-24 19:57:00.000,2012-05-24 20:09:00.000,2012-05-24 20:14:00.000,C3.9,-918.62736,-228.580908,-81.252537,-14.0,1490.0,True,2012-05-24 20:04:16.675000,2012-05-24 20:04:16.675000,2012-05-24 20:04:16.675000,0.002263127,2012-05-24 19:55:30,3.3028355651849006,6.302996712926443,,3.719058010534962e+47,80.0,18.885304777586747,7.1155403258459555e+50,18.885304777586747,7.1155403258459555e+50,28.130937132543654,7.1155403258459555e+50,,,0.0,8.3252805324221,1.1784348474484594e+47,21.944792,8.576608988839757,1.4586450244671915e+47,65.834375,8.550204753276164,1.8008350409390786e+47,109.723958,8.432054008667958,2.2885883408022172e+47,197.503125,8.256751871270241,2.199786149302081e+47,285.282292,7.702678062175441,2.199786149302081e+47,329.171875,0.0,0.0
4267,4267,4379,2012-06-28 19:38:00.000,2012-06-28 19:42:00.000,2012-06-28 20:16:00.000,C1.7,-650.23878,295.14432,-142.31335,20.0,1513.0,False,2012-06-28 20:04:19.698000,2012-06-28 20:04:19.698000,2012-06-28 20:04:19.698000,0.0022606205,2012-06-28 19:58:50,6.741462961196416,,,,90.0,18.895646849143315,7.1053501577620575e+50,18.895646849143315,7.1053501577620575e+50,24.15529873040069,7.1053501577620575e+50,,,0.0,10.533630348663165,,13.737417,9.176824332955388,,41.21225,8.494186707339232,,68.687083,7.569693798179177,,123.63675,7.389958527035673,,178.586417,7.269419048033312,,206.06125,0.0,0.0
4469,4469,4581,2012-07-26 19:46:00.000,2012-07-26 19:53:00.000,2012-07-26 20:09:00.000,C1.3,-886.18956,-325.929492,167.0884,-20.0,1532.0,False,2012-07-26 20:04:26.885000,2012-07-26 20:04:26.885000,2012-07-26 20:04:26.885000,0.0022631597,2012-07-26 19:44:50,8.435319555953155,5.84461319930859,1.0235199805887494e+47,1.4666794367245727e+48,70.0,18.885190926521364,7.1156690064598824e+50,18.885190926521364,7.1156690064598824e+50,27.049978142694336,7.1156690064598824e+50,,,0.0,8.50137039712833,1.5367503658252544e+47,49.036875,9.615001760477355,2.326440623270052e+47,147.110625,10.108583126710773,3.142165748210805e+47,245.184375,9.974546267256663,4.4015731772584565e+47,441.331875,9.596563078410924,5.152574216958753e+47,637.479375,9.394911586576663,5.3987898124809895e+47,735.553125,0.0,0.0
4960,4960,5072,2013-01-10 19:45:00.000,2013-01-10 19:55:00.000,2013-01-10 20:18:00.000,C3.7,-715.79232,215.809926,149.65966,10.0,1654.0,False,2013-01-10 20:04:26.341000,2013-01-10 20:04:26.341000,2013-01-10 20:04:26.341000,0.0022609055,2013-01-10 19:44:40,11.904889025686176,7.187231616867361,2.2690525546391387e+47,2.426001675750745e+48,110.0,18.886657142529025,7.1082537297947625e+50,18.886657142529025,7.1082537297947625e+50,33.45623807276874,7.1082537297947625e+50,,,0.0,11.70480581938364,4.07897541609942e+47,49.430875,11.707534975931772,5.916554359688497e+47,148.292625,11.827704552302697,7.593414835685523e+47,247.154375,11.613252010057048,1.02591595191333e+48,444.877875,11.255568670488667,1.1976023259227489e+48,642.601375,11.055133763851526,1.2596110029295525e+48,741.463125,0.0,0.0
5807,5807,5922,2013-05-13 15:48:00.000,2013-05-13 16:05:00.000,2013-05-13 16:16:00.000,X2.8,-939.6078,132.720498,-71.00794,8.0,1748.0,False,2013-05-13 16:05:37.241000,2013-05-13 16:05:37.241000,2013-05-13 16:05:37.241000,0.00040981887,2013-05-13 15:47:40,17.57872160464159,15.190583104718453,2.5812099139829586e+48,4.241515323289235e+48,448.0,17.772469400120155,1.3352360695552047e+50,18.131813267478066,1.290270542189485e+50,18.94463627157587,1.3352360695552047e+50,,,0.0,15.592425221568336,4.229181694888611e+47,44.885042,15.9145761335806,8.168545431923916e+47,134.655125,16.223174714692718,1.818568730217636e+48,224.425208,17.059973238611995,6.028474194679841e+48,403.965375,17.00321971687024,1.2145875956930195e+49,583.505542,17.088899438664246,1.7064899708174219e+49,673.275625,0.0,0.0
5810,5810,5925,2013-05-14 00:00:00.000,2013-05-14 01:11:00.000,2013-05-14 01:20:00.000,X3.2,-916.46478,142.287882,-63.526442,8.0,1748.0,False,2013-05-14 01:11:49.085000,2013-05-14 01:11:49.085000,2013-05-14 01:11:49.085000,0.00046415554,2013-05-14 00:01:20,13.276374205267697,10.221725552569035,5.4426682506921765e+47,1.5170144908962253e+48,148.0,16.13737977304334,1.599961481013783e+50,17.51427316662901,1.3898546238629183e+50,18.99839882827177,1.599961481013783e+50,,,0.0,12.790277480133849,1.5229314833877114e+48,176.211875,12.495663243212665,1.8343658930763558e+48,528.635625,12.240161012200462,1.9672331699993013e+48,881.059375,11.88082582399457,1.913529142737307e+48,1585.906875,11.615306912519529,2.050203982836698e+48,2290.754375,11.372192313661412,2.09508739890826e+48,2643.178125,0.0,0.0
7210,7210,7368,2014-06-10 11:36:00.000,2014-06-10 11:42:00.000,2014-06-10 11:44:00.000,X2.2,-882.738,-308.8284,151.28153,-19.0,2087.0,False,2014-06-10 11:42:02.438,2014-06-10 11:42:02.438,2014-06-10 11:42:02.438,0.00032644966,2014-06-10 11:36:20,11.169694515761496,5.096085049057379,2.4143508654038303e+46,4.041716430108209e+48,85.1095,19.557889130176115,1.0050674613600287e+50,20.34285744472318,9.65154015208601e+49,22.1255971042,1.0050674613600287e+50,,,0.0,10.38450188192565,2.7481468549037165e+46,14.26825,11.026662261933682,3.5369911605296546e+46,42.80475,11.439800686504096,4.813830476691843e+46,71.34125,11.793995459927554,8.717896922318344e+46,128.41425,12.611464046427724,1.0614152306971297e+48,185.48725,13.719243027304564,5.231221907315017e+48,214.02375,0.0,1.0
7240,7240,7398,2014-06-12 19:56:00.000,2014-06-12 20:03:00.000,2014-06-12 20:05:00.000,M1.1,-78.6222,281.616,-163.78654,18.0,2089.0,False,2014-06-12 20:04:29.655,2014-06-12 20:04:29.655,2014-06-12 20:04:29.655,0.0022615024,2014-06-12 19:54:50,12.885585404673105,5.639090707415598,8.069445660479974e+46,4.2945802184125055e+48,110.0,18.89019619527918,7.109339851904888e+50,18.89478756013609,7.105285872133301e+50,46.71563377944182,7.109339851904888e+50,,,0.0,27.69685356144352,5.887031838247709e+45,24.152292,16.049795493940085,5.246872518089709e+46,72.456875,13.93954765325224,1.2948562812550947e+47,120.761458,12.32105986473677,3.230062533059601e+47,217.370625,12.631247655433068,3.7021532910781705e+47,313.979792,11.41981882944066,3.7021532910781705e+47,362.284375,0.0,0.0
7297,7297,7455,2014-06-19 18:45:00.000,2014-06-19 19:24:00.000,2014-06-19 20:27:00.000,C4.0,-365.7378,-171.6216,86.20949,-9.0,2093.0,False,2014-06-19 20:04:25.038,2014-06-19 20:04:25.038,2014-06-19 20:04:25.038,0.0022629977,2014-06-19 18:55:00,10.539649944439692,6.834846266593773,1.591131271617451e+47,1.3244631299522135e+48,80.0,18.883307362154422,7.1155807376704955e+50,18.887891083774075,7.111526749717728e+50,33.09387111287629,7.1155807376704955e+50,,,0.0,10.610548905793683,5.2455271629515145e+47,173.54325,10.782281552542978,8.611738214292284e+47,520.62975,10.700949863473143,1.255282809771349e+48,867.71625,10.181085628749631,1.852381359543992e+48,1561.88925,9.621565605070934,2.0446091012907173e+48,2256.06225,9.356809810369995,2.047760420841603e+48,2603.14875,0.0,0.0
7866,7866,8030,2014-09-25 19:07:00.000,2014-09-25 20:11:00.000,2014-09-25 20:30:00.000,C3.2,-269.8542,-369.4296,-123.6302,-16.0,2172.0,False,2014-09-25 20:04:32.491,2014-09-25 20:04:32.491,2014-09-25 20:04:32.491,0.0022623313,2014-09-25 19:19:30,9.805181052591085,5.858742625518555,1.4859490950819212e+47,2.7851204826128752e+48,90.0,18.88673212160754,7.112719835584484e+50,18.891319197918087,7.1086659160711566e+50,26.74659032243944,7.112719835584484e+50,,,0.0,8.927339398972975,3.7886930515863485e+47,112.603792,9.175585929410254,4.686609570713543e+47,337.811375,9.27263627177785,5.5277493717906756e+47,563.018958,9.160405788833051,7.105880622260458e+47,1013.434125,9.039281736867562,8.184154539503736e+47,1463.849292,8.98354190845795,8.725914729820595e+47,1689.056875,0.0,0.0
7867,7867,8031,2014-09-25 19:12:00.000,2014-09-25 20:32:00.000,2014-09-25 21:47:00.000,C3.2,-286.603512,-353.329686,-124.67602,-15.0,2172.0,False,2014-09-25 20:04:32.491,2014-09-25 20:04:32.491,2014-09-25 20:04:32.491,0.0022623313,2014-09-25 19:19:30,9.805181052591085,5.858742625518555,1.4859490950819212e+47,2.7851204826128752e+48,90.0,18.88673212160754,7.112719835584484e+50,18.891319197918087,7.1086659160711566e+50,26.74659032243944,7.112719835584484e+50,,,0.0,8.927339398972975,3.7886930515863485e+47,112.603792,9.175585929410254,4.686609570713543e+47,337.811375,9.27263627177785,5.5277493717906756e+47,563.018958,9.160405788833051,7.105880622260458e+47,1013.434125,9.039281736867562,8.184154539503736e+47,1463.849292,8.98354190845795,8.725914729820595e+47,1689.056875,0.0,0.0
7992,7992,8163,2014-10-24 21:07:00.000,2014-10-24 21:40:00.000,2014-10-24 22:13:00.000,X3.1,321.619542,-435.40371,-109.3172,-22.0,2192.0,False,2014-10-24 21:40:29.365,2014-10-24 21:40:29.365,2014-10-24 21:40:29.365,0.00044967272,2014-10-24 21:06:20,9.959399911630015,11.578667600838912,3.3264031382873812e+47,4.159769328885266e+48,138.0,16.240365046112036,1.5442101098863183e+50,16.929631791683427,1.44128661091369e+50,19.72351682157173,1.5442101098863183e+50,,,0.0,16.188872449746604,4.836723014182614e+48,85.390208,17.386000331622984,1.5844016555208248e+49,256.170625,18.20490123253378,3.366803456369758e+49,426.951042,18.089746580784222,6.170260755326421e+49,768.511875,17.60953792661846,7.511017813168453e+49,1110.072708,17.55672692222159,8.041325696537361e+49,1280.853125,0.0,0.0
8187,8187,8364,2014-11-20 19:36:00.000,2014-11-20 19:56:00.000,2014-11-20 20:09:00.000,C2.5,132.72303,-238.53849,-117.47368,-12.0,2209.0,True,2014-11-20 20:04:06.588000,2014-11-20 20:04:06.588000,2014-11-20 20:04:06.588000,0.0022618095,2014-11-20 19:36:30,12.796858996043118,5.442088865148783,5.297426505404223e+46,2.3492194637268066e+48,130.0,18.8804151643692,7.112491417596408e+50,18.8804151643692,7.112491417596408e+50,43.61113513960888,7.112491417596408e+50,,,0.0,13.58413527321757,9.69328452949354e+46,69.0245,12.62714344959917,1.365157610822491e+47,207.0735,12.247129785903612,1.7622140530726695e+47,345.1225,11.75437340732152,2.671070811572545e+47,621.2205,11.347101640651111,4.223842620062031e+47,897.3185,11.17819896929449,5.321725678358947e+47,1035.3675,0.0,0.0
8586,8586,8786,2015-01-08 19:58:00.000,2015-01-08 20:10:00.000,2015-01-08 20:15:00.000,C1.6,-888.27,-265.4718,-123.25304,-17.0,2259.0,False,2015-01-08 20:04:17.735000,2015-01-08 20:04:17.735000,2015-01-08 20:04:17.735000,0.0022616673,2015-01-08 20:00:00,3.7136421935615713,,,,70.0,18.876627543668807,7.11289089205828e+50,18.876627543668807,7.11289089205828e+50,66.97253776681002,7.11289089205828e+50,,,0.0,5.42706525930743,,10.738958,3.69996390541422,,32.216875,3.7400342465364314,,53.694792,3.819147402279064,,96.650625,3.809970714072599,,139.606458,7.898596082755883,4.994568644727445e+47,161.084375,0.0,0.0
8717,8717,8918,2015-01-29 19:30:00.000,2015-01-29 19:53:00.000,2015-01-29 20:23:00.000,C6.4,214.37889,-124.56438,45.491665,-13.0,2268.0,False,2015-01-29 20:04:07.365000,2015-01-29 20:04:07.365000,2015-01-29 20:04:07.365000,0.0022615222,2015-01-29 19:31:40,10.172498745578851,5.561714607974538,1.2626683193256462e+47,2.870354629157462e+48,60.0,18.88193665349589,7.1112478336793265e+50,18.88193665349589,7.1112478336793265e+50,58.12180455945053,7.1112478336793265e+50,,,0.0,10.391960800981265,1.9247386101483082e+47,81.140208,11.4342044988642,7.318747715089212e+47,243.420625,11.913938201563507,1.4677900179219368e+48,405.701042,12.36469541591644,2.0559558469375147e+48,730.261875,12.334284420162652,2.3907905114977868e+48,1054.822708,12.220853191575005,2.5290159446845717e+48,1217.103125,0.0,0.0
8845,8845,9046,2015-03-11 16:11:00.000,2015-03-11 16:22:00.000,2015-03-11 16:29:00.000,X2.1,-347.3202,-173.1018,-167.65641,-17.0,2297.0,False,2015-03-11 16:21:42.385000,2015-03-11 16:21:42.385000,2015-03-11 16:21:42.385000,0.00031656626,2015-03-11 16:10:50,11.16867861902574,7.021996529805433,1.0911845873820931e+47,1.7617393355566748e+48,110.0,17.688423210944713,1.034257379328718e+50,18.29227414285482,9.80250738558392e+49,20.30968766227623,1.034257379328718e+50,,,0.0,11.170914408412962,1.130384140167647e+47,27.182708,11.123255731092424,1.5237587909450532e+47,81.548125,11.304585436831855,2.474034590702625e+47,135.913542,12.327636979925206,8.040131513652443e+47,244.644375,14.56535221585355,6.114130005121675e+48,353.375208,15.310961095182009,1.1355065802140591e+49,407.740625,0.0,0.0
9100,9100,9305,2015-04-23 19:56:00.000,2015-04-23 19:59:00.000,2015-04-23 20:05:00.000,C3.0,307.1166,-89.49,23.9679314,-10.0,2331.0,False,2015-04-23 20:04:15.871000,2015-04-23 20:04:15.871000,2015-04-23 20:04:15.871000,0.002262258,2015-04-23 19:57:10,12.976026363868618,9.648530796148302,5.48681067154029e+47,1.7206065331266692e+48,168.0,18.88786423824507,7.1122361905074375e+50,18.88786423824507,7.1122361905074375e+50,27.1133271180489,7.1122361905074375e+50,,,0.0,13.145272066470724,1.861028547954533e+47,17.744625,13.40965392089921,4.4957224472313184e+47,53.233875,13.327128396217486,6.5520378340556585e+47,88.723125,12.77136400170778,8.177462795465527e+47,159.701625,11.273969807932652,7.88683802893694e+47,230.680125,10.561427241965768,7.88683802893694e+47,266.169375,0.0,0.0
9174,9174,9381,2015-05-05 22:05:00.000,2015-05-05 22:11:00.000,2015-05-05 22:15:00.000,X2.7,-902.214,257.1174,126.20442,15.0,2339.0,True,2015-05-05 22:10:43.051000,2015-05-05 22:10:43.051000,2015-05-05 22:10:43.051000,0.0003979702,2015-05-05 22:05:00,8.663950435207623,5.077340072664142,1.2630079561811733e+46,3.5178061094822684e+48,85.26275,17.70052656164754,1.2996958452132855e+50,17.73749016185133,1.2969407731630043e+50,18.132100382660735,1.2996958452132855e+50,,,0.0,10.532120697016069,1.0152094433029036e+46,14.293792,9.611595661440022,2.5656085649369365e+46,42.881375,10.026103135659978,5.240729332121095e+46,71.468958,10.981942537103938,8.119908980722342e+47,128.644125,12.262743380436008,7.405849831980994e+48,185.819292,13.082868492108648,1.4778742924958752e+49,214.406875,0.0,1.0
9382,9382,9592,2015-06-11 19:59:00.000,2015-06-11 20:41:00.000,2015-06-11 20:48:00.000,C3.1,-874.63158,-324.797586,-3.125885,-20.0,2367.0,False,2015-06-11 20:04:13.535000,2015-06-11 20:04:13.535000,2015-06-11 20:04:13.535000,0.0022617336,2015-06-11 19:59:00,5.448591432714291,10.934943211899617,,7.046715479737695e+46,80.0,18.890239707295528,7.110056940698586e+50,18.894830153562577,7.106003067733422e+50,35.7456277417635,7.110056940698586e+50,,,0.0,10.251488087159196,,13.063958,8.348664174982625,,39.191875,8.760419992525287,,65.319792,7.124163945819688,,117.575625,6.575128029660383,,169.831458,6.575128029660383,,195.959375,0.0,0.0
9525,9525,9743,2015-07-02 17:45:00.000,2015-07-02 19:26:00.000,2015-07-02 21:40:00.000,C1.2,-900.06036,-278.770902,74.13654,-17.0,2378.0,False,2015-07-02 20:04:33.318000,2015-07-02 20:04:33.318000,2015-07-02 20:04:33.318000,0.002263943,2015-07-02 20:02:10,,22.827972149739644,,6.063613573273533e+45,35.3295,18.88069280203231,7.119138068651194e+50,18.88527238089364,7.115084184621194e+50,22.82426541876065,7.119138068651194e+50,,,0.0,7.751760496092029,,5.971583,21.760474230184983,1.3093240357267586e+46,17.91475,22.49955253639653,4.10220331673965e+46,29.857917,20.924023873725304,3.0403175007301448e+47,53.74425,20.285550514711773,1.7146015165731798e+48,77.630583,20.076123168071312,4.804009920219821e+48,89.57375,0.0,1.0
9526,9526,9744,2015-07-02 17:56:00.000,2015-07-02 19:26:00.000,2015-07-02 20:26:00.000,C1.2,-546.2574,140.9562,124.03543,11.0,2376.0,False,2015-07-02 20:04:33.318000,2015-07-02 20:04:33.318000,2015-07-02 20:04:33.318000,0.002263943,2015-07-02 20:02:10,,22.827972149739644,,6.063613573273533e+45,35.3295,18.88069280203231,7.119138068651194e+50,18.88527238089364,7.115084184621194e+50,22.82426541876065,7.119138068651194e+50,,,0.0,7.751760496092029,,5.971583,21.760474230184983,1.3093240357267586e+46,17.91475,22.49955253639653,4.10220331673965e+46,29.857917,20.924023873725304,3.0403175007301448e+47,53.74425,20.285550514711773,1.7146015165731798e+48,77.630583,20.076123168071312,4.804009920219821e+48,89.57375,0.0,1.0
10461,10461,10717,2015-12-24 03:42:00.000,2015-12-24 06:16:00.000,2015-12-25 08:00:00.000,C5.9,-746.2869,106.970958,-32.330649,5.0,2472.0,False,2015-12-24 20:04:14.935000,2015-12-24 20:04:14.935000,2015-12-24 20:04:14.935000,0.0022622254,2015-12-24 19:59:50,2.7630711537483004,4.624698110453986,,1.528440611529267e+48,65.73375,18.87107337949741,7.115888492599374e+50,18.87107337949741,7.115888492599374e+50,79.97056485144512,7.115888492599374e+50,,,0.0,3.596597595091042,,11.038958,4.006283245797876,3.094327303344825e+45,33.116875,3.735443818728993,3.094327303344825e+45,55.194792,3.5876803113233926,3.094327303344825e+45,99.350625,3.646993669707678,3.094327303344825e+45,143.506458,9.236608582583402,4.123968412028629e+47,165.584375,0.0,1.0
10488,10488,10744,2015-12-31 19:57:00.000,2015-12-31 20:11:00.000,2015-12-31 20:15:00.000,C1.6,832.1955,-313.991286,-18.45101,-20.0,2473.0,False,2015-12-31 20:04:12.778000,2015-12-31 20:04:12.778000,2015-12-31 20:04:12.778000,0.0022627397,2015-12-31 20:01:20,2.023006587743119,,,,42.6945,18.86880318690822,7.118014349224654e+50,18.86880318690822,7.118014349224654e+50,62.82719392321717,7.118014349224654e+50,,,0.0,,,7.199083,3.9848709848222654,,21.59725,4.828425528485132,,35.995417,17.29834472920214,3.731953282347759e+46,64.79175,18.906554145796186,9.036871600876049e+47,93.588083,18.9272310011689,2.625418725904537e+48,107.98625,0.0,1.0
10771,10771,11030,2016-02-18 19:59:00.000,2016-02-18 20:25:00.000,2016-02-18 20:58:00.000,C1.2,951.94824,187.816716,79.3204,11.0,2497.0,False,2016-02-18 20:04:20.575000,2016-02-18 20:04:20.575000,2016-02-18 20:04:20.575000,0.0022626098,2016-02-18 20:00:50,1.905325901531948,,,,52.14375,18.87866241055443,7.1153998674147336e+50,18.87866241055443,7.1153998674147336e+50,26.516918717688743,7.1153998674147336e+50,,,0.0,2.516316143137064,,8.773958,2.585273129860649,,26.321875,2.7652318652991195,,43.869792,3.2024967357322724,,78.965625,8.857360123469608,3.978543027802122e+47,114.061458,11.444702715908385,1.7217470196949978e+48,131.609375,0.0,1.0
12468,12468,12758,2017-07-13 20:01:00.000,2017-07-13 20:05:00.000,2017-07-13 20:11:00.000,C8.4,860.13252,154.30908,152.973017,11.0,0.0,False,2017-07-13 20:04:09.855,2017-07-13 20:04:09.855,2017-07-13 20:04:09.855,0.0022629532,2017-07-13 20:01:50,,22.59152863897263,,8.963887551881013e+45,34.46375,18.8800931082241,7.116159824824016e+50,18.88471979181019,7.1151250360779605e+50,26.08629023286108,7.116159824824016e+50,,,0.0,7.035230318559532,,5.827292,7.035230318559532,,17.481875,21.254033954060745,5.300508975266945e+46,29.136458,20.38210051374158,3.02394815316239e+47,52.445625,19.807862155260644,1.947372716872837e+48,75.754792,19.67344491188559,4.3831886724246905e+48,87.409375,0.0,1.0
12774,12774,13068,2017-09-06 11:53:00.000,2017-09-06 12:02:00.000,2017-09-06 12:10:00.000,X9.3,527.43879,-246.825594,116.315059,-9.0,2673.0,False,2017-09-06 12:02:12.695,2017-09-06 12:02:12.695,2017-09-06 12:02:12.695,0.0013441504,2017-09-06 11:53:00,20.760451499138675,20.488307697857625,9.477764050984871e+49,9.77159353386295e+49,388.0,19.70301819113008,4.1197854258781306e+50,19.94996856881146,4.054816376143878e+50,20.35782315164389,4.1197854258781306e+50,,,0.0,18.368194047121307,8.635283673435355e+47,23.028958,18.251055877005747,2.428159765381558e+48,69.086875,18.562919314326173,6.307324318171308e+48,115.144792,19.76654747474641,4.3929316714164476e+49,207.260625,20.057113701032243,1.0266383807777014e+50,299.376458,20.088853203437832,1.2742881648216654e+50,345.434375,0.0,0.0
12829,12829,13123,2017-09-10 15:35:00.000,2017-09-10 16:06:00.000,2017-09-10 16:31:00.000,X8.2,942.69654,-135.662304,115.457134,-8.0,2673.0,True,2017-09-10 16:06:27.575,2017-09-10 16:06:27.575,2017-09-10 16:06:27.575,0.0011903079,2017-09-10 15:34:50,7.627037969250087,5.094253505594065,6.013772808176344e+46,1.4543163348879733e+48,70.0,18.398074208085376,3.800605630844186e+50,19.46162292319,3.5269082811520037e+50,21.69919758044341,3.800605630844186e+50,,,0.0,13.994756509000672,4.69746038947973e+47,79.065625,13.653632061479316,1.0131499251552497e+48,237.196875,12.985024244105407,1.283659212542539e+48,395.328125,13.84350927533091,2.6376652784181078e+48,711.590625,15.345896540830898,1.296589034428209e+49,1027.853125,16.16878161065382,3.0878853743395404e+49,1185.984375,0.0,0.0
